연변,시군구,중개업소명,위도,경도
1,중구,삼일부동산,35.10083973,129.0359033
2,중구,한성부동산중개사무소,35.10532503,129.03528
3,중구,한일부동산중개인사무소,35.099449,129.0362037
4,중구,태양부동산,35.10523601,129.0234874
5,중구,아파트부동산,35.1063843,129.02733
6,중구,신창부동산중개인사무소,35.09974395,129.0291002
7,중구,대성부동산,35.10043429,129.0252919
8,중구,영신부동산합동사무소,35.09883384,129.0343533
9,중구,영신부동산,35.09883384,129.0343533
10,중구,새부산부동산,35.10305283,129.0300741
11,중구,부산부동산,35.10015293,129.0255187
12,중구,로얄공인중개사,35.09815874,129.0321293
13,중구,중앙공인,35.10508769,129.035628
14,중구,현대공인중개사,35.09959756,129.0261698
15,중구,부동산리더,35.09907032,129.0309343
16,중구,대림공인중개사사무소,35.09959672,129.0262685
17,중구,영진공인중개사사무소,35.10776175,129.035991
18,중구,OK공인중개사사무소,35.09893866,129.0326327
19,중구,굿모닝 공인중개사,35.1011218,129.030313
20,중구,부원공인중개사,35.10803524,129.0356325
21,중구,신창부동산,35.10031889,129.0303907
22,중구,금터공인중개사,35.09951271,129.0276714
23,중구,천진공인중개사 사무소,35.10200219,129.0253555
24,중구,재덕공인중개사 사무소,35.10305403,129.0352184
25,중구,탑공인중개사사무소,35.10789836,129.0358282
26,중구,천봉공인중개사,35.10151873,129.0249655
27,중구,중앙공인중개사무소,35.10341158,129.0249783
28,중구,마당발부동산중개사무소,35.09830487,129.0255394
29,중구,가람공인중개사사무소,35.11147306,129.0352263
30,중구,반도부동산중개합동사무소,35.10301918,129.0244798
31,중구,온누리 공인중개사사무소,35.0997831,129.0276748
32,중구,롯데공인중개사사무소,35.09951037,129.0311263
33,중구,부평공인중개사사무소,35.10333137,129.0238036
34,중구,광복 공인중개사 사무소,35.09938199,129.030324
35,중구,에이플러스 부동산중개사무소,35.1029481,129.0339008
36,중구,부자공인중개사사무소,35.10274723,129.0299716
37,중구,천지부동산공인중개사사무소,35.10363699,129.027098
38,중구,골드공인중개사사무소,35.10005349,129.0276782
39,중구,월드밸리공인중개사사무소,35.10280491,129.0263637
40,중구,세종공인중개사사무소,35.10089256,129.0254622
41,중구,고려부동산공인중개사사무소,35.09806223,129.0286403
42,중구,청솔공인중개사사무소,35.10412824,129.0233749
43,중구,자갈치부동산중개사무소,35.09738038,129.0293227
44,중구,한강공인중개사사무소,35.09828902,129.0295315
45,중구,조은부동산중개,35.09938199,129.030324
46,중구,안단테공인중개사사무소,35.10131676,129.0359861
47,중구,돈돈공인중개사사무소,35.10099168,129.0233356
48,중구,타워부동산공인중개사사무소,35.1029938,129.0327716
49,중구,KS부동산공인중개사사무소,35.1059646,129.024736
50,중구,이레공인중개사사무소,35.10410086,129.0371841
51,중구,영신부동산중개사무소,35.09883384,129.0343533
52,중구,시도부동산중개,35.1045946,129.0353147
53,중구,코모도부동산중개,35.10320936,129.0328621
54,중구,성원부동산중개사무소,35.1110117,129.037524
55,중구,미라주공인중개사사무소,35.10728977,129.038475
56,중구,세금나라공인중개사사무소,35.10198044,129.02473
57,중구,북항미래공인중개사사무소,35.10410086,129.0371841
58,중구,하이부동산공인중개사사무소,35.11174777,129.0368313
59,서구,대림비치공인중개사사무소,35.08225838,129.0246474
60,서구,금탑공인중개사사무소,35.0781853,129.0180831
61,서구,예가공인중개사사무소,35.0982649,129.0206692
62,서구,뷰공인중개사사무소,35.09801059,129.0208963
63,서구,신태양공인중개사사무소,35.11764415,129.0186403
64,서구,그린공인중개사사무소,35.09969993,129.0236594
65,서구,토성공인중개사사무소,35.10321332,129.0196341
66,서구,대신공인중개사사무소,35.11282639,129.0116253
67,서구,한결부동산중개사무소,35.11205654,129.0131406
68,서구,스타부동산공인중개사사무소,35.10843751,129.0136662
69,서구,신박사공인중개사사무소,35.11502544,129.0159748
70,서구,명공인중개사사무소,35.10649348,129.0186768
71,서구,송도힐스테이트이진베이시티공인중개사사무소,35.08504446,129.0245617
72,서구,삼익공인중개사사무소,35.11267776,129.0186003
73,서구,세원부동산중개사무소,35.09592205,129.0237767
74,서구,서울공인중개사사무소,35.10045703,129.0172525
75,서구,행운공인중개사사무소,35.11131212,129.0126926
76,서구,해솔공인중개사사무소,35.09831397,129.0244647
77,서구,구덕공인중개사사무소,35.10964219,129.0183431
78,서구,해솔부동산중개사무소,35.09831397,129.0244647
79,서구,한진부동산중개사무소,35.11185887,129.0119863
80,서구,엠룩공인중개사사무소,35.08419517,129.0237286
81,서구,아주공인중개사사무소,35.1105072,129.0173118
82,서구,남성공인중개사사무소,35.11754336,129.0113107
83,서구,현대공인중개사사무소,35.07819856,129.0165043
84,서구,대림공인중개사사무소,35.11779704,129.0122354
85,서구,바른공인중개사사무소,35.1184062,129.0191325
86,서구,88공인중개사사무소,35.10402945,129.0169131
87,서구,신동아공인중개사사무소,35.10351954,129.0207348
88,서구,자갈치공인중개사사무소,35.09636994,129.0251752
89,서구,형도공인중개사사무소,35.1050917,129.0202937
90,서구,가람공인중개사사무소,35.07799273,129.0163263
91,서구,명성탑스빌공인중개사사무소,35.07786947,129.018123
92,서구,대신참조은공인중개사사무소,35.11205488,129.0165632
93,서구,부경공인중개사사무소,35.11342911,129.0139255
94,서구,일등공인중개사사무소,35.10348654,129.0203724
95,서구,롯데캐슬공인중개사사무소,35.11538534,129.0106697
96,동구,대경부동산공인중개사사무소,35.13932681,129.0591281
97,동구,포세이돈공인중개사사무소,35.13594867,129.0630016
98,동구,LBA수정공인중개사사무소,35.12973104,129.0420409
99,동구,금호공인중개사사무소,35.13732613,129.0590802
100,동구,행운공인중개사사무소,35.13036411,129.0480617
101,동구,위브공인중개사사무소,35.13623313,129.0634552
102,동구,재세부동산중개사무소,35.12435953,129.0345886
103,동구,이편한부동산중개사무소,35.12260595,129.040414
104,동구,덕인공인중개사사무소,35.12077622,129.0404017
105,동구,마리나베이시티공인중개사사무소,35.12449852,129.0435979
106,동구,나라공인중개사사무소,35.12249879,129.0413452
107,동구,대가공인중개사사무소,35.1173028,129.0376039
108,동구,한나공인중개사사무소,35.13921431,129.060652
109,동구,뉴드림공인중개사사무소,35.13025499,129.0595591
110,동구,부경부동산공인중개사사무소,35.12002671,129.0374081
111,동구,플러스부동산중개사무소,35.1224247,129.0415747
112,동구,하버시티부동산중개사무소,35.13341403,129.0590844
113,동구,Kb부동산공인중개사사무소,35.11796711,129.0389727
114,동구,온누리공인중개사사무소,35.11818382,129.0378784
115,동구,지인공인중개사사무소,35.12300469,129.0401668
116,동구,제이부동산공인중개사사무소,35.13060374,129.049535
117,동구,현대공인중개사사무소,35.13652168,129.0562388
118,동구,강남부동산공인중개사사무소,35.13866072,129.0590207
119,동구,부산항호반부동산공인중개사사무소,35.12624814,129.0350953
120,동구,금송공인중개사사무소,35.12306772,129.0391253
121,동구,우리금송공인중개사사무소,35.12306772,129.0391253
122,동구,부산공인중개사사무소,35.11888325,129.0414527
123,동구,범일부동산중개,35.13965337,129.0599225
124,동구,주민공인중개사사무소,35.12795253,129.0454963
125,동구,LK공인중개사사무소,35.13325715,129.0522684
126,동구,동원뉴딜부동산공인중개사사무소,35.14014925,129.0516439
127,동구,유림부동산중개,35.12111572,129.0438948
128,동구,협성휴포레부동산중개사무소,35.12730426,129.0464535
129,영도구,탑공인중개사 사무소,35.07534881,129.0690012
130,영도구,부백공인중개사사무소,35.09028253,129.0413626
131,영도구,보광공인중개사사무소,35.09001254,129.0444518
132,영도구,원우공인중개사사무소,35.08632956,129.0636945
133,영도구,우리 공인중개사사무소,35.07542577,129.0694737
134,영도구,두원공인중개사사무소,35.09016446,129.0663215
135,영도구,대박공인중개사사무소,35.0776451,129.0702812
136,영도구,어울림공인중개사사무소,35.08690338,129.0412319
137,영도구,남도공인중개사사무소,35.08403973,129.0419521
138,영도구,양지부동산공인중개사사무소,35.08859855,129.0422185
139,영도구,산물공인중개사사무소,35.0791806,129.0689087
140,영도구,바른부동산공인중개사사무소,35.09199557,129.0434134
141,영도구,썬공인중개사사무소,35.08945565,129.0389833
142,영도구,리치공인중개사사무소,35.09023074,129.0659605
143,영도구,명품공인중개사사무소,35.08955968,129.0436565
144,영도구,IS동삼공인중개사사무소,35.07426546,129.074283
145,부산진구,연지공인중개사사무소,35.17343027,129.0525011
146,부산진구,럭키합동공인중개사사무소,35.15523087,129.0597625
147,부산진구,신라공인중개사사무소,35.17445199,129.0645023
148,부산진구,광장부동산공인중개사사무소,35.17321258,129.0547268
149,부산진구,센트빌공인중개사사무소,35.17738668,129.0741138
150,부산진구,목련공인중개사사무소,35.15110893,129.0308449
151,부산진구,예스공인중개사사무소,35.16206557,129.0636272
152,부산진구,미라주부동산공인중개사사무소,35.16906436,129.05183
153,부산진구,자이래미안공인중개사사무소,35.17385754,129.0489716
154,부산진구,아시아드공인중개사사무소,35.1756962,129.0665166
155,부산진구,동양공인중개사사무소,35.1673307,129.0386131
156,부산진구,미진공인중개사사무소,35.17318588,129.0690636
157,부산진구,삼한파크공인중개사사무소,35.166172,129.0650968
158,부산진구,101공인중개사사무소,35.16116762,129.0560309
159,부산진구,영진공인중개사사무소,35.16201734,129.0348903
160,부산진구,왕공인중개사사무소,35.16845214,129.0496705
161,부산진구,청구공인중개사사무소,35.17411091,129.0571426
162,부산진구,신성공인중개사사무소,35.15938211,129.0310372
163,부산진구,고려공인중개사사무소,35.17375592,129.0728914
164,부산진구,현대공인중개사사무소,35.18036898,129.0475403
165,부산진구,럭키공인중개사사무소,35.15504721,129.0192386
166,부산진구,대경공인중개사사무소,35.17564438,129.0744092
167,부산진구,연지어반파크래미안공인중개사사무소,35.1730957,129.0495107
168,부산진구,BS공인중개사사무소,35.15470045,129.059602
169,부산진구,골든공인중개사사무소,35.15229359,129.0218932
170,부산진구,동일스위트공인중개사사무소,35.16712389,129.025877
171,부산진구,신화합동공인중개사사무소,35.15841801,129.0581356
172,부산진구,범내골공인중개사사무소,35.14979927,129.0582982
173,부산진구,두산공인중개사사무소,35.14639145,129.0614476
174,부산진구,대박공인중개사사무소,35.16087837,129.0633263
175,부산진구,한단공인중개사사무소,35.15939084,129.0571823
176,부산진구,서면공인중개사사무소,35.15704622,129.0500506
177,부산진구,현대공인중개사사무소,35.17239511,129.0718415
178,부산진구,태흥공인중개사사무소,35.1673357,129.0380314
179,부산진구,빨래공인중개사사무소,35.14472038,129.0587591
180,부산진구,더세정공인중개사사무소,35.17591949,129.0533785
181,부산진구,뉴동양부동산공인중개사사무소,35.15943167,129.0556023
182,부산진구,양정88공인중개사사무소,35.17360577,129.073559
183,부산진구,서강공인중개사사무소,35.17009626,129.0523702
184,부산진구,서면다인공인중개사사무소,35.14979927,129.0582982
185,부산진구,애플공인중개사사무소,35.18087022,129.050028
186,부산진구,더블루공인중개사사무소,35.15177149,129.0636467
187,부산진구,가야동원공인중개사사무소,35.15402536,129.0302671
188,부산진구,서면포스코부동산공인중개사사무소,35.15228651,129.0604267
189,부산진구,동남공인중개사사무소,35.14812937,129.0345935
190,부산진구,효은공인중개사사무소,35.14829818,129.034881
191,부산진구,베스트공인중개사사무소,35.1535025,129.0594986
192,부산진구,롯데골드로즈공인중개사사무소,35.1780131,129.0746271
193,부산진구,도시부동산중개사무소,35.15261208,129.0715597
194,부산진구,부산진부동산공인중개사사무소,35.14751593,129.0565566
195,부산진구,전포세븐공인중개사사무소,35.15056839,129.0661772
196,부산진구,창조부동산중개사무소,35.15892349,129.0590861
197,부산진구,서면오케이공인중개사사무소,35.15893988,129.0592729
198,부산진구,우리공인중개사사무소,35.15432345,129.0594215
199,부산진구,서면이편한사계절공인중개사사무소,35.15640094,129.0485826
200,부산진구,보배공인중개사사무소,35.1650205,129.0627876
201,부산진구,명품유림부동산중개,35.14802765,129.0578253
202,부산진구,온부동산공인중개사사무소,35.17193592,129.0584756
203,부산진구,동원아이파크부동산공인중개사사무소,35.16731419,129.0643652
204,부산진구,개금공인중개사사무소,35.15938211,129.0310372
205,부산진구,동일보배공인중개사사무소,35.16546001,129.0454498
206,부산진구,태화현대공인중개사사무소,35.15632575,129.041634
207,부산진구,이앤이부동산공인중개사사무소,35.16959643,129.06928
208,부산진구,길상공인중개사사무소,35.18500358,129.0484124
209,부산진구,현대힐부동산중개사무소,35.14838888,129.0536157
210,부산진구,위드공인중개사사무소,35.17564438,129.0744092
211,부산진구,한화공인중개사사무소,35.17439908,129.0488908
212,부산진구,뉴삼성공인중개사사무소,35.15580791,129.0410567
213,부산진구,꽃길공인중개사사무소,35.15726326,129.0468485
214,부산진구,비전공인중개사사무소,35.15430984,129.0589165
215,부산진구,일등공인중개사사무소,35.160019,129.0605931
216,부산진구,금탑공인중개사사무소,35.16046682,129.0578329
217,부산진구,e편한시민공원부동산중개사무소,35.16673742,129.0674203
218,부산진구,늘해랑부동산중개사무소,35.16703905,129.026315
219,부산진구,부자부동산공인중개사사무소,35.15514289,129.0687393
220,부산진구,모던공인중개사사무소,35.15755485,129.0599464
221,부산진구,롯데캐슬골드아너공인중개사사무소,35.15402536,129.0302671
222,부산진구,토마토부동산공인중개사사무소,35.17063462,129.0711378
223,부산진구,뉴B&H넘버원부동산공인중개사사무소,35.15831463,129.0544903
224,부산진구,시민공원 힐스테이트 공인중개사사무소,35.17321489,129.0616758
225,부산진구,뉴위드공인중개사사무소,35.17564438,129.0744092
226,부산진구,포도나무집공인중개사사무소,35.16036068,129.0565692
227,부산진구,대동레미안부동산중개사무소,35.1596987,129.0549582
228,부산진구,금샘e편한공인중개사사무소,35.16634695,129.0667236
229,부산진구,지인공인중개사사무소,35.15587921,129.0659941
230,부산진구,부암동일공인중개사사무소,35.16546001,129.0454498
231,부산진구,지원부동산중개,35.17771927,129.072186
232,부산진구,롯데캐슬골드공인중개사사무소,35.1516506,129.0296884
233,부산진구,하늘공인중개사사무소,35.15977522,129.0585813
234,부산진구,바른공인중개사사무소,35.15575169,129.0599888
235,부산진구,롯데공인중개사사무소,35.16340021,129.0656094
236,부산진구,케이에이치부동산중개사무소,35.15091428,129.058609
237,부산진구,조은부동산공인중개사사무소,35.16931353,129.0655879
238,부산진구,서면삼한골든공인중개사사무소,35.1650205,129.0627876
239,부산진구,청룡공인중개사사무소,35.16058782,129.0584272
240,부산진구,파인빌공인중개사사무소,35.15114335,129.0571523
241,부산진구,힘찬공인중개사사무소,35.1442671,129.0611127
242,부산진구,한솔부동산공인중개사사무소,35.16949388,129.0655792
243,부산진구,킹공인중개사사무소,35.15646841,129.0543018
244,부산진구,다율부동산중개,35.16850181,129.0687058
245,부산진구,연지래미안공인중개사사무소,35.1733503,129.0523683
246,부산진구,퀸즈부동산공인중개사사무소,35.17266575,129.0687603
247,부산진구,세계로부동산중개,35.17396687,129.0734979
248,부산진구,화지부동산중개사무소,35.17317809,129.064837
249,부산진구,나래공인중개사사무소,35.1725329,129.0745988
250,부산진구,다좋은부동산공인중개사사무소,35.16619224,129.0648446
251,부산진구,청우공인중개사사무소,35.1734833,129.0731403
252,부산진구,리더스공인중개사사무소,35.15881024,129.0545076
253,부산진구,경신공인중개사사무소,35.16092875,129.0657967
254,부산진구,스타부동산중개사무소,35.1755543,129.0703351
255,부산진구,비전컨설팅공인중개사사무소,35.15430984,129.0589165
256,부산진구,다유부동산중개,35.14979927,129.0582982
257,부산진구,명문공인중개사사무소,35.15462386,129.0621692
258,부산진구,양정부동산공인중개사사무소,35.17233934,129.0699965
259,부산진구,푸른2공인중개사사무소,35.17762356,129.0470989
260,부산진구,신가야공인중개사사무소,35.15563624,129.0400557
261,부산진구,비스타동원공인중개사사무소,35.15563624,129.0400557
262,부산진구,진공인중개사사무소,35.15459237,129.0606213
263,부산진구,삼한파크부동산중개,35.166172,129.0650968
264,부산진구,써니공인중개사사무소,35.16824518,129.0630491
265,부산진구,굿모닝부동산중개,35.17502483,129.0771785
266,부산진구,데시앙공인중개사사무소,35.1509768,129.057644
267,부산진구,해비치공인중개사사무소,35.17883601,129.0528014
268,부산진구,더샵위드부동산중개,35.15184593,129.0603003
269,부산진구,부암로타리부동산중개,35.16762139,129.0508783
270,부산진구,서면힐스테이트공인중개사사무소,35.14943396,129.0639784
271,부산진구,보광시티공인중개사사무소,35.17792598,129.0722546
272,부산진구,명인부동산공인중개사사무소,35.15893988,129.0592729
273,부산진구,하마부동산중개,35.17300805,129.0728596
274,부산진구,신세계부동산중개사무소,35.15808586,129.0548824
275,부산진구,서면데시앙부동산중개,35.1511305,129.0575911
276,부산진구,항도공인중개사사무소,35.15995432,129.0587153
277,부산진구,금당공인중개사사무소,35.15083397,129.029261
278,부산진구,김영해공인중개사사무소,35.16435051,129.0517802
279,부산진구,아이온부동산공인중개사사무소,35.1567466,129.0575432
280,부산진구,B&H넘버원부동산공인중개사사무소,35.15831463,129.0544903
281,부산진구,롯데골드부동산중개,35.17354152,129.0322701
282,부산진구,경남부동산중개사무소,35.14508512,129.0562179
283,부산진구,꿀부동산중개,35.14979927,129.0582982
284,부산진구,제이엘공인중개사사무소,35.14336767,129.0588294
285,부산진구,석박사공인중개사사무소,35.15943167,129.0556023
286,부산진구,대박부동산공인중개사사무소,35.17631844,129.0736167
287,부산진구,세븐부동산공인중개사사무소,35.15725799,129.0660341
288,부산진구,대성공인중개사사무소,35.1463408,129.0620834
289,부산진구,신화1공인중개사사무소,35.15841801,129.0581356
290,부산진구,토박이공인중개사사무소,35.17419585,129.0771456
291,부산진구,다바다부동산중개사무소,35.15683505,129.0494552
292,부산진구,복드림공인중개사사무소,35.15225569,129.0295533
293,부산진구,금빛부동산공인중개사사무소,35.15829261,129.0403749
294,부산진구,사람인부동산중개사무소,35.17817176,129.0719833
295,부산진구,스위첸강남공인중개사사무소,35.17348718,129.077773
296,부산진구,제일부동산공인중개사사무소,35.14473551,129.0601201
297,부산진구,골드라인공인중개사사무소,35.1780131,129.0746271
298,부산진구,빌딩서브공인중개사사무소,35.16194894,129.0656124
299,부산진구,금샘태양공인중개사사무소,35.16634695,129.0667236
300,부산진구,지안공인중개사사무소,35.1650205,129.0627876
301,부산진구,으뜸공인중개사사무소,35.17347529,129.0493949
302,부산진구,킹덤공인중개사사무소,35.15646841,129.0543018
303,부산진구,이룸공인중개사사무소,35.15241999,129.0595943
304,부산진구,다옴부동산중개,35.17028093,129.0683229
305,부산진구,명당공인중개사사무소,35.15096612,129.0349038
306,부산진구,돈되는plus부동산중개사무소,35.15204602,129.0662513
307,부산진구,대한부동산중개사무소,35.15643263,129.0511623
308,부산진구,성우공인중개사사무소,35.15789928,129.0669095
309,부산진구,THE한미공인중개사사무소,35.17600916,129.0544665
310,부산진구,다옴부동산공인중개사사무소,35.17028093,129.0683229
311,부산진구,태원공인중개사사무소,35.15810173,129.063367
312,부산진구,황소부동산중개,35.16585091,129.0647084
313,부산진구,금탑공인중개사사무소,35.17365917,129.0736366
314,부산진구,성원공인중개사사무소,35.1650205,129.0627876
315,부산진구,청담부동산공인중개사사무소,35.17758116,129.0745445
316,부산진구,열린공인중개사사무소,35.17633434,129.052319
317,부산진구,골든뷰공인중개사사무소,35.1650205,129.0627876
318,부산진구,가야로공인중개사사무소,35.15122524,129.0256442
319,부산진구,우리부동산공인중개사사무소,35.17738668,129.0741138
320,부산진구,후부동산중개,35.1538526,129.0637726
321,부산진구,가야고원공인중개사사무소,35.15234754,129.0356896
322,부산진구,동일골드공인중개사사무소,35.16546001,129.0454498
323,부산진구,부암삼정공인중개사사무소,35.17191186,129.0498578
324,부산진구,경희부동산공인중개사사무소,35.15402536,129.0302671
325,부산진구,명성부동산공인중개사사무소,35.17047297,129.0484341
326,부산진구,세븐부동산중개,35.15725799,129.0660341
327,부산진구,더원공인중개사사무소,35.17168935,129.0731606
328,부산진구,미래안공인중개사사무소,35.15799841,129.054574
329,부산진구,모두드림부동산중개,35.15944652,129.0590599
330,부산진구,꿈고래부동산중개사무소,35.1567466,129.0575432
331,부산진구,원탑공인중개사사무소,35.17369644,129.0785662
332,부산진구,부자부동산중개,35.15995985,129.0601423
333,부산진구,부자집부동산중개,35.15995985,129.0601423
334,부산진구,유일공인중개사사무소,35.17035827,129.0677311
335,부산진구,고래부동산공인중개사사무소,35.17418116,129.0777822
336,부산진구,삼한골든공인중개사사무소,35.1650205,129.0627876
337,부산진구,대호공인중개사사무소,35.15903633,129.065739
338,부산진구,대운공인중개사사무소,35.17030818,129.0382778
339,부산진구,1단지부동산공인중개사사무소,35.15920944,129.0269629
340,부산진구,남도공인중개사사무소,35.14172291,129.0623964
341,부산진구,양정롯데캐슬공인중개사사무소,35.17232253,129.0718955
342,부산진구,장원공인중개사사무소,35.14859351,129.0539257
343,부산진구,푸른채공인중개사사무소,35.17161445,129.0278107
344,부산진구,LG공인중개사사무소,35.15083688,129.0204043
345,부산진구,타임부동산공인중개사사무소,35.17479084,129.0730806
346,부산진구,지우부동산중개,35.15890098,129.0637067
347,부산진구,명당공인중개사사무소,35.17047297,129.0484341
348,부산진구,삼정그린코아더시티부동산중개,35.17631844,129.0736167
349,부산진구,무지개공인중개사사무소,35.16596263,129.0509009
350,부산진구,래미안미소부동산공인중개사사무소,35.17343027,129.0525011
351,부산진구,래미안미소공인중개사사무소,35.17343027,129.0525011
352,부산진구,스카이공인중개사사무소,35.16206557,129.0636272
353,부산진구,(주)대표부동산중개법인,35.15359553,129.0488209
354,부산진구,부산부동산중개법인,35.15482608,129.0576061
355,부산진구,주식회사이루다부동산중개법인,35.15798615,129.0621581
356,부산진구,제이에이케이부동산중개법인주식회사 분사무소,35.16625234,129.1583686
357,부산진구,제이에이케이부동산중개법인주식회사 분사무소,35.20372719,129.0789527
358,부산진구,신세기부동산중개법인 주식회사,35.17720647,129.0751215
359,부산진구,주식회사 오케이부동산중개법인 분사무소,35.17187176,129.1206414
360,부산진구,주식회사 제이앤유부동산중개법인,35.17338614,129.0718985
361,부산진구,주식회사 공간부동산중개법인,35.17310446,129.0701164
362,부산진구,(주)금문부동산중개,35.15938287,129.0560297
363,동래구,제일부동산중개사무소,35.21591675,129.0806519
364,동래구,제일부동산중개사무소,35.20578394,129.1017681
365,동래구,한라부동산중개사무소,35.19695358,129.1043829
366,동래구,의령부동산중개사무소,35.19987866,129.0595413
367,동래구,럭키3.1부동산중개사무소,35.20984297,129.0744099
368,동래구,삼성부동산중개사무소,35.19961652,129.0749449
369,동래구,동래부동산중개사무소,35.20452454,129.0855415
370,동래구,한주부동산중개사무소,35.2011383,129.0981911
371,동래구,한성부동산중개사무소,35.19900872,129.0934734
372,동래구,우리동래공인중개사사무소,35.21084749,129.07193
373,동래구,SK탑부동산공인중개사사무소,35.21733242,129.0816043
374,동래구,강남공인중개사사무소,35.20202474,129.0888796
375,동래구,포레나부동산중개사무소,35.19659937,129.0907727
376,동래구,롯데더바른부동산중개사무소,35.19736127,129.0982171
377,동래구,정공인중개사사무소,35.20779112,129.0709892
378,동래구,보덕부동산중개사무소,35.21776152,129.0809949
379,동래구,뉴까치부동산공인중개사사무소,35.21151502,129.0718729
380,동래구,탑공인중개사사무소,35.19476081,129.1076035
381,동래구,동래조은기운부동산중개사무소,35.19837143,129.0841637
382,동래구,BS공인중개사사무소,35.1931072,129.099159
383,동래구,원탑부동산중개사무소,35.21084749,129.07193
384,동래구,금샘공인중개사사무소,35.20079351,129.0569725
385,동래구,씨스타부동산공인중개사사무소,35.20829833,129.0717317
386,동래구,래미안퍼스트공인중개사사무소,35.21084749,129.07193
387,동래구,The스타공인중개사사무소,35.19625282,129.0649298
388,동래구,주연공인중개사사무소,35.19961652,129.0749449
389,동래구,모든래미안공인중개사사무소,35.21146016,129.0689068
390,동래구,강남공인중개사사무소,35.20098641,129.0668256
391,동래구,영동부동산중개사무소,35.19985426,129.0745637
392,동래구,현공인중개사사무소,35.20991739,129.0771895
393,동래구,사직조아공인중개사사무소,35.19785111,129.0666528
394,동래구,대우부동산중개사무소,35.20430886,129.0753802
395,동래구,다온부동산중개사무소,35.19978292,129.0642841
396,동래구,장안부동산공인중개사사무소,35.20239631,129.0715003
397,동래구,미소공인중개사사무소,35.20075409,129.0828227
398,동래구,동래래미안공인중개사사무소,35.21144711,129.0734316
399,동래구,SK삼정부동산공인중개사사무소,35.2194042,129.0837737
400,동래구,행운부동산공인중개사사무소,35.19620439,129.0673559
401,동래구,성창공인중개사사무소,35.21057043,129.0736946
402,동래구,명륜역쑥부동산중개사무소,35.21265619,129.0803779
403,동래구,보광부동산중개사무소,35.2104371,129.0775369
404,동래구,착한공인중개사사무소,35.20780402,129.0634004
405,동래구,센텀안락부동산공인중개사사무소,35.19363259,129.1018453
406,동래구,하나공인중개사사무소,35.20721524,129.0678187
407,동래구,스카이부동산중개사무소,35.19476081,129.1076035
408,동래구,대길공인중개사사무소,35.21897215,129.081692
409,동래구,골드공인중개사사무소,35.19297143,129.1061408
410,동래구,SK일등공인중개사사무소,35.21733242,129.0816043
411,동래구,동래포레나공인중개사사무소,35.19659937,129.0907727
412,동래구,대원공인중개사사무소,35.20406108,129.086963
413,동래구,청하공인중개사사무소,35.21307618,129.078769
414,동래구,복드림타운공인중개사사무소,35.20913516,129.0718965
415,동래구,복드림랜드공인중개사사무소,35.20913516,129.0718965
416,동래구,다원부동산공인중개사사무소,35.20192626,129.0997612
417,동래구,KCC은하수공인중개사사무소,35.1992712,129.056854
418,동래구,굿하우스공인중개사사무소,35.21807192,129.0825697
419,동래구,랜드멘토부동산중개사사무소,35.22049961,129.0842496
420,동래구,더원공인중개사사무소,35.20382953,129.1065298
421,동래구,미래공인중개사사무소,35.21937649,129.079819
422,동래구,중앙공인중개사사무소,35.19476081,129.1076035
423,동래구,동래탑공인중개사사무소,35.20311035,129.0824148
424,동래구,아세아공인중개사사무소,35.19970935,129.092747
425,동래구,사직W부동산중개사무소,35.19834862,129.0705357
426,동래구,돈되는부동산중개사무소,35.20346104,129.0895357
427,동래구,더유림부동산공인중개사사무소,35.21625754,129.0818536
428,동래구,엔젤부동산공인중개사사무소,35.21652866,129.0787488
429,동래구,까치공인중개사사무소,35.21151502,129.0718729
430,동래구,신황금공인중개사사무소,35.21307618,129.078769
431,동래구,반도공인중개사사무소,35.19854014,129.0874603
432,동래구,e편한동래아시아드공인중개사사무소,35.20229734,129.0663815
433,동래구,황토부동산공인중개사사무소,35.20894628,129.0718501
434,동래구,대륙공인중개사사무소,35.19634587,129.1067686
435,동래구,에이스공인중개사사무소,35.20534173,129.0656197
436,동래구,연다라공인중개사사무소,35.20510095,129.1054928
437,동래구,성공공인중개사사무소,35.19925276,129.0833848
438,동래구,미래공인중개사사무소,35.19458273,129.1044057
439,동래구,한울공인중개사사무소,35.19723397,129.101312
440,동래구,동래부동산중개사무소,35.19900872,129.0934734
441,동래구,한결공인중개사사무소,35.20229734,129.0663815
442,동래구,꿈에공인중개사사무소,35.19291625,129.1062608
443,동래구,대교공인중개사사무소,35.19208249,129.1008252
444,동래구,베스트부동산공인중개사사무소,35.21072414,129.0736417
445,동래구,희망공인중개사사무소,35.20119333,129.0719677
446,동래구,NEW아세아공인중개사사무소,35.19970935,129.092747
447,동래구,복산아세아부동산공인중개사사무소,35.19970935,129.092747
448,동래구,금손부동산중개사사무소,35.21134763,129.0825682
449,동래구,동래래미안단지내공인중개사사무소,35.20867914,129.0704628
450,동래구,영지공인중개사사무소,35.19893001,129.0902109
451,동래구,복사랑부동산공인중개사사무소,35.21793249,129.0790091
452,동래구,炫현공인중개사사무소,35.20629128,129.0673124
453,동래구,영진부동산공인중개사사무소,35.19521358,129.0895133
454,동래구,국민부동산공인중개사사무소,35.19862194,129.0620287
455,동래구,래미안황금공인중개사사무소,35.22051414,129.080614
456,동래구,노른자공인중개사사무소,35.19999336,129.0669993
457,동래구,명륜1번가공인중개사사무소,35.20667258,129.0812101
458,동래구,뜨란채공인중개사사무소,35.19274534,129.1101565
459,동래구,온천천공인중개사사무소,35.19696642,129.0860447
460,동래구,금맥공인중개사사무소,35.20133987,129.0888594
461,동래구,꿈에그린공인중개사사무소,35.19513277,129.0904785
462,동래구,뉴꿈에그린공인중개사사무소,35.19513277,129.0904785
463,동래구,부자부동산중개사무소,35.21638923,129.0872703
464,동래구,동래1번가부동산중개사사무소,35.20861296,129.0728451
465,동래구,박사공인중개사사무소,35.20191055,129.0652673
466,동래구,롯데캐슬공인중개사사무소,35.19624195,129.0864194
467,동래구,다옴공인중개사사무소,35.19759519,129.104205
468,동래구,수정부동산중개사무소,35.21638923,129.0872703
469,동래구,미담공인중개사사무소,35.20264941,129.101517
470,동래구,동래메가부동산중개사무소,35.19958352,129.0756143
471,동래구,세원공인중개사사무소,35.19476081,129.1076035
472,동래구,한진공인중개사사무소,35.20182196,129.0803331
473,동래구,행운부동산공인중개사사무소,35.20000459,129.0979672
474,동래구,온천비젼부동산공인중개사사무소,35.20913516,129.0718965
475,동래구,동래OK공인중개사사무소,35.21689025,129.0786328
476,동래구,토토공인중개사사무소,35.22184486,129.0819937
477,동래구,사직제일공인중개사사무소,35.19649014,129.0584321
478,동래구,메가플러스부동산중개,35.20309537,129.0820741
479,동래구,집사부동산공인중개사사무소,35.20468079,129.0741002
480,동래구,우정부동산공인중개사사무소,35.20554036,129.0998099
481,동래구,롯데클래식부동산중개사무소,35.19785111,129.0666528
482,동래구,썬공인중개사사무소,35.19308443,129.1026505
483,동래구,114단지내공인중개사사무소,35.20769745,129.0724047
484,동래구,예지공인중개사사무소,35.19693733,129.0660149
485,동래구,올바른공인중개사사무소,35.20234702,129.0891255
486,동래구,효성해링턴부동산공인중개사사무소,35.20693933,129.0674197
487,동래구,우리자이공인중개사사무소,35.20858574,129.0809609
488,동래구,올레공인중개사사무소,35.19738355,129.0531508
489,동래구,래미안공인중개사사무소,35.21099472,129.0736233
490,동래구,대원공인중개사사무소,35.21156311,129.0735649
491,동래구,행운부동산공인중개사사무소,35.19957714,129.0904172
492,동래구,다온부동산중개사무소,35.20234702,129.0891255
493,동래구,더봄공인중개사사무소,35.19524102,129.090469
494,동래구,나무공인중개사사무소,35.19836251,129.0659017
495,동래구,NEW행운부동산공인중개사사무소,35.20000459,129.0979672
496,동래구,행운공인중개사사무소,35.20133442,129.072321
497,동래구,사직열린공인중개사사무소,35.19888344,129.0579031
498,동래구,세움부동산공인중개사사무소,35.19756627,129.0652215
499,동래구,채움공인중개사사무소,35.21349833,129.0829702
500,동래구,강변부동산공인중개사사무소,35.19553809,129.1024421
501,동래구,알파공인중개사사무소,35.19731333,129.0652841
502,동래구,신세계공인중개사사무소,35.21544291,129.0781962
503,동래구,현대공인중개사사무소,35.20259065,129.0980679
504,동래구,뉴리체부동산공인중개사사무소,35.2105881,129.0828326
505,동래구,뉴세종공인중개사사무소,35.20163927,129.0856348
506,동래구,부동산매니저공인중개사사무소,35.19937384,129.0595457
507,동래구,사직KCC공인중개사사무소,35.20079351,129.0569725
508,동래구,만복공인중개사사무소,35.20057231,129.1137553
509,동래구,양지공인중개사사무소,35.21237827,129.0802095
510,동래구,광개토부동산중개,35.21847726,129.080587
511,동래구,금나라부동산공인중개사사무소(합동),35.22413439,129.0819912
512,동래구,동래아럭키공인중개사사무소,35.21084749,129.07193
513,동래구,W부동산공인중개사사무소,35.19553809,129.1024421
514,동래구,청담공인중개사사무소,35.20994701,129.0829559
515,동래구,래미안1번지부동산중개사무소,35.2117592,129.0727987
516,동래구,자이안트공인중개사사무소,35.19731333,129.0652841
517,동래구,리체부동산공인중개사사무소,35.2105881,129.0828326
518,동래구,창조공인중개사사무소,35.19816396,129.1119764
519,동래구,부경공인중개사사무소,35.20516773,129.0730633
520,동래구,롯데귀족부동산중개사무소,35.19785111,129.0666528
521,동래구,복있는부동산공인중개사사무소,35.21608311,129.0781718
522,동래구,금나라부동산공인중개사사무소,35.22413439,129.0819912
523,동래구,SK공인중개사사무소,35.22128992,129.0855783
524,동래구,굿모닝합동공인중개사사무소,35.19953703,129.103781
525,동래구,사직롯데공인중개사사무소,35.19785111,129.0666528
526,동래구,행복공인중개사사무소,35.22128992,129.0855783
527,동래구,명품래미안공인중개사사무소,35.21170897,129.0733801
528,동래구,동일공인중개사사무소,35.20065023,129.088367
529,동래구,부영부동산중개사무소,35.2204512,129.0846224
530,동래구,OK공인중개사사무소,35.19460935,129.0955336
531,동래구,금화부동산공인중개사사무소,35.20554036,129.0998099
532,동래구,으뜸공인중개사사무소,35.20567288,129.0669089
533,동래구,감동부동산공인중개사사무소,35.21638923,129.0872703
534,동래구,칠산부동산중개사무소,35.20271452,129.0873513
535,동래구,행복한공인중개사사무소,35.20193189,129.074064
536,동래구,금바치공인중개사사무소,35.20138328,129.0718933
537,동래구,동방 IPARK부동산공인중개사사무소,35.20994701,129.0829559
538,동래구,제일공인중개사사무소,35.20583432,129.0872392
539,동래구,온누리공인중개사사무소,35.21937649,129.079819
540,동래구,해피부동산공인중개사사무소,35.20667258,129.0812101
541,동래구,명안공인중개사사무소,35.20017473,129.1020546
542,동래구,예스공인중개사사무소,35.20092494,129.0645955
543,동래구,스마트부동산공인중개사사무소,35.20079351,129.0569725
544,동래구,강남부동산공인중개사사무소,35.21048522,129.0832486
545,동래구,센트럴파크공인중개사사무소,35.21499471,129.0769052
546,동래구,센트럴부동산중개사무소,35.21499471,129.0769052
547,동래구,KH공인중개사사무소,35.21880297,129.081459
548,동래구,금도공인중개사사무소,35.19844036,129.1103439
549,동래구,e편한부동산공인중개사사무소,35.19150749,129.1045727
550,동래구,하나부동산공인중개사사무소,35.19681656,129.0694833
551,동래구,안심공인중개사사무소,35.2025058,129.1004608
552,동래구,리오부동산공인중개사사무소,35.21084749,129.07193
553,동래구,한마음부동산공인중개사사무소,35.21134748,129.0734852
554,동래구,한빛부동산공인중개사사무소,35.2219357,129.0809075
555,동래구,온천제성공인중개사사무소,35.21307618,129.078769
556,동래구,쌍용천하부동산중개사무소,35.19650258,129.0662508
557,동래구,영산공인중개사사무소,35.20468575,129.0996227
558,동래구,지성공인중개사사무소,35.20164839,129.0561051
559,동래구,참조은부동산중개,35.2045349,129.1072642
560,동래구,온천래미안예일부동산공인중개사사무소,35.21089548,129.073633
561,동래구,태양공인중개사사무소,35.19900872,129.0934734
562,동래구,박경희공인중개사사무소,35.20676518,129.0667255
563,동래구,서원공인중개사사무소,35.20066159,129.1000625
564,동래구,사직열린1공인중개사사무소,35.19888344,129.0579031
565,동래구,세원공인중개사사무소,35.20223237,129.0988099
566,동래구,미래공인중개사사무소,35.20746401,129.0824177
567,동래구,사직쌍용공인중개사사무소,35.19662439,129.0575114
568,동래구,삼성부동산중개사무소,35.20582532,129.0680201
569,동래구,허브공인중개사사무소,35.21940784,129.0833673
570,동래구,현대I`PARK공인중개사사무소,35.20994701,129.0829559
571,동래구,만세공인중개사사무소,35.20583432,129.0872392
572,동래구,하이츠공인중개사사무소,35.21094254,129.0865276
573,동래구,미래공인중개사사무소,35.19662439,129.0575114
574,동래구,신원공인중개사사무소,35.20500365,129.0843838
575,동래구,메가공인중개사사무소,35.20374399,129.0750433
576,동래구,NEW희망공인중개사사무소,35.21994233,129.0800462
577,동래구,예가공인중개사사무소,35.19680128,129.0578981
578,동래구,쌍용공인중개사사무소,35.19662439,129.0575114
579,동래구,열린공인중개사사무소,35.1999255,129.0827458
580,동래구,대경공인중개사사무소,35.20547314,129.0660497
581,동래구,한양공인중개사사무소,35.19900872,129.0934734
582,동래구,우리공인중개사사무소,35.1999255,129.0827458
583,동래구,고려공인중개사사무소,35.20984297,129.0744099
584,동래구,대원칸타빌공인중개사사무소,35.21454281,129.079063
585,동래구,명장부동산공인중개사사무소,35.20629375,129.1012149
586,동래구,태양공인중개사사무소,35.19998682,129.0829443
587,동래구,캐슬부동산공인중개사사무소,35.19743351,129.0659665
588,동래구,효성공인중개사사무소,35.2067361,129.0679772
589,동래구,유림부동산공인중개사사무소,35.22120009,129.0805133
590,동래구,봄봄부동산중개사무소,35.20510095,129.1054928
591,동래구,행운공인중개사사무소,35.19681301,129.0860647
592,동래구,명가공인중개사사무소,35.19900872,129.0934734
593,동래구,석산공인중개사사무소,35.21801387,129.0840188
594,동래구,영남공인중개사사무소,35.19737446,129.1007319
595,동래구,팔팔공인중개사사무소,35.20114038,129.0646972
596,동래구,럭키공인중개사사무소,35.19662439,129.0575114
597,동래구,신현대공인중개사사무소,35.20567288,129.0669089
598,동래구,대영공인중개사사무소,35.20343113,129.0898538
599,동래구,삼정공인중개사사무소,35.19738355,129.0531508
600,동래구,성우공인중개사사무소,35.20617085,129.0869033
601,동래구,성심공인중개사사무소,35.19886751,129.0648541
602,동래구,동래뷰부동산중개사무소,35.21153337,129.0748825
603,동래구,강변뜨란채부동산공인중개사사무소,35.19553809,129.1024421
604,동래구,금성공인중개사사무소,35.19662439,129.0575114
605,동래구,월드공인중개사사무소,35.19768598,129.0972002
606,동래구,목화공인중개사사무소,35.20164839,129.0561051
607,동래구,명운공인중개사사무소,35.19553809,129.1024421
608,동래구,부부공인중개사사무소,35.19237467,129.0994236
609,동래구,제일공인중개사사무소,35.22128992,129.0855783
610,동래구,은하수공인중개사사무소,35.1992712,129.056854
611,동래구,느낌공인중개사사무소,35.20984297,129.0744099
612,동래구,강남부동산중개사무소,35.19967301,129.0977541
613,동래구,한신공인중개사사무소,35.20164839,129.0561051
614,동래구,SK공인중개사사무소,35.19481205,129.1118428
615,동래구,부경부동산중개사무소,35.2054731,129.081282
616,동래구,쌍용예가공인중개사사무소,35.19662439,129.0575114
617,동래구,제일공인중개사사무소(합동),35.19662439,129.0575114
618,동래구,롯데공인중개사사무소,35.21315626,129.074838
619,동래구,현대공인중개사사무소,35.19902201,129.1127678
620,동래구,세화공인중개사사무소,35.20226816,129.0818435
621,동래구,대지공인중개사사무소,35.2198705,129.0840435
622,동래구,e봄봄부동산중개사무소,35.20510095,129.1054928
623,동래구,매일공인중개사사무소,35.20164839,129.0561051
624,남구,부경공인중개사사무소,35.13536084,129.0955613
625,남구,모서리공인중개사사무소,35.13878192,129.1019826
626,남구,자이공인중개사사무소,35.13505693,129.0972689
627,남구,햇살공인중개사사무소,35.13625936,129.103814
628,남구,자유공인중개사사무소,35.12251163,129.0860416
629,남구,미래공인중개사사무소,35.12258565,129.1145893
630,남구,대우공인중개사사무소,35.15028937,129.0894072
631,남구,에이스공인중개사사무소,35.13262331,129.1002317
632,남구,홍익공인중개사사무소,35.12261725,129.0893343
633,남구,동일스위트공인중개사사무소,35.11913835,129.0832541
634,남구,세종부동산공인중개사사무소,35.13619217,129.0691277
635,남구,드림공인중개사사무소,35.13649182,129.0870944
636,남구,롯데부동산중개사무소,35.13509095,129.0834876
637,남구,LG공인중개사사무소,35.12692281,129.1095247
638,남구,경동부동산중개사사무소,35.15096763,129.0911612
639,남구,LG부동산공인중개사사무소,35.14372772,129.0670974
640,남구,부성공인중개사사무소,35.13665191,129.1032706
641,남구,대명공인중개사사무소,35.13754426,129.091344
642,남구,자이메트로공인중개사사무소,35.13266335,129.1096685
643,남구,금탑공인중개사사무소,35.12692281,129.1095247
644,남구,태양공인중개사사무소,35.11481973,129.1112033
645,남구,태원공인중개사사무소,35.11853863,129.1165198
646,남구,대산공인중개사사무소,35.11987515,129.1103725
647,남구,롯데캐슬부동산중개사무소,35.14090918,129.1000032
648,남구,쌍용부동산중개사무소,35.11155592,129.1103034
649,남구,롯데119부동산공인중개사사무소,35.13516794,129.0839495
650,남구,혁신행운부동산중개사무소,35.13998175,129.1038533
651,남구,신대연공인중개사사무소,35.13705082,129.0870798
652,남구,문현베스티움공인중개사사무소,35.13899275,129.0704592
653,남구,오륙도사랑부동산공인중개사사무소,35.10211316,129.1167451
654,남구,우암부동산중개사무소,35.12459624,129.0787185
655,남구,부자부동산중개사무소,35.13478404,129.094555
656,남구,우주공인중개사사무소,35.13408185,129.0934593
657,남구,이안공인중개사사무소,35.13338264,129.099002
658,남구,뉴데이공인중개사사무소,35.12692281,129.1095247
659,남구,황금부동산공인중개사사무소,35.13200376,129.1009585
660,남구,혁신행운부동산중개컨설팅사무소,35.13998175,129.1038533
661,남구,금융타운부동산공인중개사사무소,35.14288679,129.0663731
662,남구,하나부동산공인중개사사무소,35.13553247,129.0985043
663,남구,씨티공인중개사사무소,35.13621609,129.0704996
664,남구,오륙도SK뷰부동산중개사무소,35.10211316,129.1167451
665,남구,한화공인중개사사무소,35.13779084,129.0687646
666,남구,OK부동산중개사무소,35.13463406,129.0961879
667,남구,미소부동산공인중개사사무소,35.13569179,129.0878518
668,남구,이기대부동산공인중개사사무소,35.10211316,129.1167451
669,남구,신세기부동산중개사무소,35.11573611,129.1115339
670,남구,돈되는부동산공인중개사사무소,35.11322612,129.1119825
671,남구,우영부동산공인중개사사무소,35.12684644,129.0709693
672,남구,삼성부동산중개사무소,35.13888354,129.0807178
673,남구,새희망공인중개사사무소,35.1182886,129.1123476
674,남구,고구려부동산공인중개사사무소,35.1366541,129.1020417
675,남구,대연이레부동산공인중개사사무소,35.13050828,129.0899114
676,남구,화이팅공인중개사사무소,35.13282876,129.0934755
677,남구,아시아드공인중개사사무소,35.12345816,129.0950396
678,남구,극동부동산공인중개사사무소,35.14048344,129.0912735
679,남구,삼정그린코아공인중개사사무소,35.13829809,129.1006703
680,남구,e-조은부동산공인중개사사무소,35.13648967,129.0973211
681,남구,갤러리부동산공인중개사사무소,35.14381453,129.071554
682,남구,다올공인중개사사무소,35.1362984,129.1024977
683,남구,가호부동산공인중개사사무소,35.12692281,129.1095247
684,남구,하마부동산중개사무소,35.11626932,129.0825359
685,남구,UR부동산중개사사무소,35.13842753,129.1032836
686,남구,엘지공인중개사사무소,35.12692281,129.1095247
687,남구,금빛공인중개사사무소,35.12106639,129.1131643
688,남구,성화부동산공인중개사사무소,35.13515545,129.0803064
689,남구,거목공인중개사사무소,35.13899275,129.0704592
690,남구,중앙공인중개사사무소,35.11973342,129.1110837
691,남구,894공인중개사사무소,35.11156821,129.0820678
692,남구,1번가부동산중개사무소,35.1331021,129.087148
693,남구,동원로얄부동산중개사무소,35.13581354,129.0863392
694,남구,LG하나부동산공인중개사사무소,35.12722455,129.109057
695,남구,대연자이부동산공인중개사사무소,35.12968749,129.1019148
696,남구,금호공인중개사사무소,35.1162844,129.0828653
697,남구,강남푸르지오공인중개사사무소,35.12529896,129.0908293
698,남구,은하수공인중개사사무소,35.1377706,129.103165
699,남구,금강공인중개사사무소,35.11421267,129.0847137
700,남구,스카이부동산공인중개사사무소,35.13686568,129.1015727
701,남구,파크푸르지오부동산중개사무소,35.12529896,129.0908293
702,남구,대길공인중개사사무소,35.12692281,129.1095247
703,남구,혁신에이스공인중개사사무소,35.13998175,129.1038533
704,남구,삼성공인중개사사무소,35.14129296,129.0712905
705,남구,롯데일번지공인중개사사무소,35.13515545,129.0803064
706,남구,디온플레이스공인중개사사무소,35.1468017,129.0670718
707,남구,행운공인중개사사무소,35.11163394,129.0827817
708,남구,여명공인중개사사무소,35.116502,129.0817163
709,남구,W스타공인중개사사무소,35.1342266,129.1112149
710,남구,로얄부동산공인중개사사무소,35.12722455,129.109057
711,남구,김대박공인중개사컨설팅사무소,35.13998175,129.1038533
712,남구,김대박공인중개사사무소,35.13998175,129.1038533
713,남구,비전스타부동산공인중개사사무소,35.13667974,129.099222
714,남구,브릿지공인중개사사무소,35.13693301,129.1030879
715,남구,싱싱공인중개사사무소,35.11464359,129.1127148
716,남구,황금알부동산중개사무소,35.14065127,129.0725001
717,남구,LG메트로공인중개사사무소,35.12692281,129.1095247
718,남구,해강부동산공인중개사사무소,35.11000074,129.111807
719,남구,푸르지오부동산중개사무소,35.13878192,129.1019826
720,남구,오름공인중개사사무소,35.13486867,129.0831445
721,남구,더늘봄부동산중개사무소,35.12945608,129.0916419
722,남구,태화공인중개사사무소,35.13863944,129.1057445
723,남구,한일오피스공인중개사사무소,35.13649122,129.0669041
724,남구,행복부동산중개사무소,35.11626785,129.0827005
725,남구,명품부동산공인중개사사무소,35.116608,129.0809497
726,남구,혁신스타공인중개사사무소,35.13998175,129.1038533
727,남구,시우부동산공인중개사사무소,35.12974111,129.0910203
728,남구,신부동산중개사무소,35.13550023,129.1010605
729,남구,대연파크부동산중개사무소,35.12529896,129.0908293
730,남구,한결부동산공인중개사사무소,35.13485656,129.0974967
731,남구,우리부동산중개사무소,35.13058651,129.0710513
732,남구,용호일신공인중개사사무소,35.12627306,129.1066523
733,남구,토토공인중개사사무소,35.13786543,129.1066009
734,남구,굿모닝공인중개사사무소,35.13998175,129.1038533
735,남구,스타부동산공인중개사사무소,35.12974111,129.0910203
736,남구,정원공인중개사사무소,35.13324733,129.0880387
737,남구,부자부동산공인중개사사무소,35.11954494,129.1129571
738,남구,동아sk뷰힐스공인중개사사무소,35.13823756,129.0934272
739,남구,대연푸르지오클라센트공인중개사사무소,35.1284839,129.0844752
740,남구,드림부동산공인중개사사무소,35.13552567,129.0942797
741,남구,신88공인중개사사무소,35.13301339,129.0879917
742,남구,신동아부동산공인중개사사무소,35.12963742,129.0915236
743,남구,아이파크부동산중개사무소,35.11884748,129.0995196
744,남구,LG진주부동산중개사무소,35.12692281,129.1095247
745,남구,금두꺼비부동산중개사무소,35.1131744,129.1127058
746,남구,롯데성화부동산공인중개사사무소,35.13515545,129.0803064
747,남구,중개의신공인중개사사무소,35.12399382,129.0886176
748,남구,태양부동산공인중개사사무소,35.13624319,129.0986565
749,남구,명품부동산공인중개사사무소,35.13399743,129.0868198
750,남구,범양공인중개사사무소,35.14794673,129.0680635
751,남구,라온부동산공인중개사사무소,35.13399743,129.0868198
752,남구,맥스부동산공인중개사사무소,35.13356742,129.0875272
753,남구,블루오션공인중개사사무소,35.1342266,129.1112149
754,남구,주식회사리츠부산 부동산 중개법인,35.13515545,129.0803064
755,북구,신흥부동산중개인사무소,35.23482323,129.0092288
756,북구,한일부동산중개인사무소,35.22821135,129.011948
757,북구,금성부동산중개인사무소,35.21122819,129.025971
758,북구,신만덕동문공인중개사사무소,35.20578417,129.0333375
759,북구,만덕하늘채공인중개사사무소,35.21371839,129.0278147
760,북구,덕천공인중개사사무소,35.20898437,129.0022529
761,북구,뉴롯데공인중개사사무소,35.20996483,129.0218804
762,북구,119공인중개사사무소,35.21114307,129.0264422
763,북구,발해공인중개사사무소,35.20635392,129.0042303
764,북구,알짜배기합동공인중개사사무소,35.20945033,129.0101663
765,북구,사계절공인중개사사무소,35.20735746,129.0006075
766,북구,e대림공인중개사사무소,35.22769299,129.0092612
767,북구,세종공인중개사사무소,35.23573209,129.0126458
768,북구,e편한힐스공인중개사사무소,35.23413366,129.0140761
769,북구,가온누리공인중개사사무소,35.23078381,129.0115296
770,북구,황금알공인중개사사무소,35.22754458,129.0119178
771,북구,만덕동문공인중개사사무소,35.2082492,129.0338959
772,북구,부자1공인중개사사무소,35.23387469,129.011634
773,북구,시티공인중개사사무소,35.21119582,129.0137794
774,북구,삼정공인중개사사무소,35.19618256,128.9948589
775,북구,애플공인중개사사무소,35.24890867,129.0139197
776,북구,금강공인중개사사무소,35.26557128,129.0186775
777,북구,새양지공인중개사사무소,35.21427252,129.0357627
778,북구,유명공인중개사사무소,35.23836555,129.0157
779,북구,제일공인중개사사무소,35.21120811,129.0262124
780,북구,태성공인중개사사무소,35.20858233,129.010485
781,북구,탑1공인중개사사무소,35.22636131,129.0122107
782,북구,온누리공인중개사사무소,35.21189396,129.0132939
783,북구,뉴화목공인중개사사무소,35.23387469,129.011634
784,북구,신일공인중개사사무소,35.23078381,129.0115296
785,북구,올레공인중개사사무소,35.24890867,129.0139197
786,북구,조광공인중개사사무소,35.21434163,129.0350606
787,북구,코오롱공인중개사사무소,35.23078381,129.0115296
788,북구,예스공인중개사사무소,35.20394654,129.0043105
789,북구,금부동산공인중개사사무소,35.23237752,129.0138894
790,북구,설공인중개사사무소,35.19621453,129.0127255
791,북구,부산공인중개사사무소,35.19791216,128.9949898
792,북구,부광부동산공인중개사사무소,35.21396737,129.0260934
793,북구,기비골공인중개사사무소,35.21584145,129.0219322
794,북구,114공인중개사사무소,35.21606027,129.0237693
795,북구,더누림공인중개사사무소,35.23624339,129.0086311
796,북구,금강공인중개사사무소,35.19704141,129.0021938
797,북구,새롯데공인중개사합동사무소,35.22636131,129.0122107
798,북구,월드공인중개사사무소,35.23237752,129.0138894
799,북구,푸르네공인중개사사무소,35.2580216,129.0150004
800,북구,김용택부동산중개사무소,35.19553544,128.9935333
801,북구,금오공인중개사사무소,35.24999492,129.0133728
802,북구,부경공인중개사사무소,35.24697707,129.0131594
803,북구,합동늘푸른공인중개사사무소,35.23387469,129.011634
804,북구,신도시합동공인중개사사무소,35.22769299,129.0092612
805,북구,명문공인중개사사무소,35.21147358,129.0129042
806,북구,큰산공인중개사사무소,35.24911221,129.0132959
807,북구,로얄부동산중개사무소,35.20417935,129.0023256
808,북구,대가공인중개사사무소,35.23413366,129.0140761
809,북구,부자공인중개사사무소,35.21175852,129.0165432
810,북구,부경공인중개사사무소,35.21150298,129.0072263
811,북구,명품공인중개사사무소,35.22636131,129.0122107
812,북구,행운부동산 공인중개사사무소,35.21353363,129.0367857
813,북구,동원마을공인중개사사무소,35.22830452,129.0126633
814,북구,리버뷰자이1공인중개사사무소,35.25125766,129.0122018
815,북구,동양공인중개사사무소,35.21054938,129.0123985
816,북구,팔방공인중개사사무소,35.22830452,129.0126633
817,북구,새롯데공인중개사사무소,35.22636131,129.0122107
818,북구,금샘공인중개사사무소,35.21346371,129.0227701
819,북구,장보고공인중개사사무소,35.24911221,129.0132959
820,북구,일사천리공인중개사사무소,35.2398372,129.0164874
821,북구,부부공인중개사사무소,35.23237752,129.0138894
822,해운대구,송림부동산중개,35.18349159,129.2022116
823,해운대구,산호부동산중개인사무소,35.22512221,129.1488251
824,해운대구,한성부동산중개,35.21986208,129.1292761
825,해운대구,삼화부동산중개사무소,35.16200404,129.1764081
826,해운대구,부영부동산중개사무소,35.16083698,129.1777743
827,해운대구,한마음부동산중개,35.22555941,129.1483479
828,해운대구,샬롬부동산중개사무소,35.17222246,129.1323485
829,해운대구,제니스마린부동산중개,35.15720524,129.144817
830,해운대구,장산타운부동산중개,35.20273524,129.1206265
831,해운대구,아델리스공인중개사사무소,35.15503639,129.1454012
832,해운대구,합동도우미공인중개사사무소,35.17125671,129.1750157
833,해운대구,로얄부동산중개,35.20387017,129.1216854
834,해운대구,송천부동산중개,35.20345812,129.123349
835,해운대구,신도공인중개사사무소,35.1767569,129.1235959
836,해운대구,집으로공인중개사사무소,35.16851632,129.1759642
837,해운대구,대림공인중개사사무소,35.20064845,129.1172265
838,해운대구,코아부동산공인중개사사무소,35.16968098,129.1785496
839,해운대구,팔도부동산중개사무소,35.17285761,129.1800117
840,해운대구,현대공인중개사사무소,35.2013425,129.1327311
841,해운대구,센텀에이스공인중개사사무소,35.1674007,129.1313156
842,해운대구,엘시티공인중개사사무소,35.16111222,129.1707755
843,해운대구,아름다운공인중개사사무소,35.17758855,129.1243099
844,해운대구,동부부동산공인중개사사무소,35.20064845,129.1172265
845,해운대구,오복공인중개사사무소,35.16625018,129.183736
846,해운대구,삼천리공인중개사사무소,35.22555941,129.1483479
847,해운대구,삼성공인중개사사무소,35.19180988,129.1274818
848,해운대구,해동공인중개사사무소,35.16087871,129.1725503
849,해운대구,해운대공인중개사사무소,35.16197769,129.1623472
850,해운대구,복부동산중개,35.20387017,129.1216854
851,해운대구,토탈부동산뱅크공인중개사사무소,35.17245658,129.1832333
852,해운대구,대우공인중개사사무소,35.16739183,129.1794386
853,해운대구,한빛공인중개사사무소,35.22677578,129.1606683
854,해운대구,센텀지오부동산중개,35.16344335,129.1476157
855,해운대구,대한공인중개사사무소,35.18947764,129.1262637
856,해운대구,월드공인중개사사무소,35.20290377,129.119948
857,해운대구,미래부동산중개사무소,35.19270099,129.1305137
858,해운대구,한마음공인중개사사무소,35.20284877,129.1161475
859,해운대구,영남공인중개사사무소,35.16807725,129.1830929
860,해운대구,하나부동산중개,35.17069967,129.1561155
861,해운대구,삼성래미안공인중개사사무소,35.16447396,129.1754668
862,해운대구,뉴114공인중개사사무소,35.20387017,129.1216854
863,해운대구,팔레드부동산중개소,35.16019728,129.1665805
864,해운대구,롯데칠성공인중개사사무소,35.17666917,129.1773662
865,해운대구,지구촌공인중개사사무소,35.17097853,129.1776682
866,해운대구,조은공인중개사사무소,35.20284877,129.1161475
867,해운대구,신세정공인중개사사무소,35.2297614,129.150077
868,해운대구,화승공인중개사사무소,35.16909048,129.1799462
869,해운대구,센텀피오레공인중개사사무소,35.19319144,129.1155541
870,해운대구,반송공인중개사사무소,35.2241316,129.1496789
871,해운대구,코오롱우리공인중개사사무소,35.17000731,129.1681369
872,해운대구,현대공인중개사사무소,35.16553016,129.1780835
873,해운대구,경동메르빌e부동산중개,35.16087871,129.1725503
874,해운대구,삼부공인중개사사무소,35.22584916,129.1482092
875,해운대구,센텀대림부동산중개,35.19037218,129.1172833
876,해운대구,반석공인중개사사무소,35.21376065,129.1175382
877,해운대구,블루공인중개사사무소,35.17227849,129.1756122
878,해운대구,우리공인중개사사무소,35.16310226,129.1465132
879,해운대구,뉴롯데공인중개사사무소,35.20345812,129.123349
880,해운대구,보라빌공인중개사사무소,35.16289736,129.1462579
881,해운대구,대길공인중개사사무소,35.19087989,129.1247458
882,해운대구,제니스부동산공인중개사사무소,35.15941102,129.1517408
883,해운대구,명품공인중개사사무소,35.16695088,129.1672808
884,해운대구,코끼리부동산중개사무소,35.15941605,129.1765135
885,해운대구,동원부동산중개사무소,35.16635958,129.160346
886,해운대구,센텀공인중개사사무소,35.16651257,129.1337511
887,해운대구,코끼리공인중개사사무소,35.17870621,129.1699412
888,해운대구,센텀자이공인중개사사무소,35.16669507,129.141185
889,해운대구,아이파크송은공인중개사사무소,35.157039,129.1433329
890,해운대구,천지공인중개사사무소,35.17244695,129.1759001
891,해운대구,천지공인중개사사무소,35.1910544,129.1175891
892,해운대구,카카오공인중개사사무소,35.19264772,129.1178196
893,해운대구,딸기공인중개사사무소,35.16252036,129.1798512
894,해운대구,두꺼비공인중개사사무소,35.19971187,129.1316762
895,해운대구,나무공인중개사사무소,35.16255255,129.158799
896,해운대구,참조은공인중개사사무소,35.16252036,129.1798512
897,해운대구,더리치부동산공인중개사사무소,35.15503639,129.1454012
898,해운대구,해운대자이공인중개사사무소,35.16776311,129.143582
899,해운대구,마린파크공인중개사사무소,35.15932892,129.1442431
900,해운대구,금동공인중개사사무소,35.16615152,129.1585428
901,해운대구,신라공인중개사사무소,35.17089709,129.1823215
902,해운대구,부동산천국공인중개사사무소,35.16933779,129.1749112
903,해운대구,미래공인중개사사무소,35.22835692,129.1612181
904,해운대구,센텀협성공인중개사사무소,35.19154789,129.1158829
905,해운대구,신동아공인중개사사무소,35.20527454,129.1257572
906,해운대구,신대림공인중개사사무소,35.17931545,129.1740449
907,해운대구,세원공인중개사사무소,35.1715886,129.1393763
908,해운대구,행운공인중개사사무소,35.15968795,129.1453567
909,해운대구,센텀114공인중개사사무소,35.17492939,129.1397304
910,해운대구,우리공인중개사사무소,35.18397121,129.1261546
911,해운대구,한신휴플러스공인중개사사무소,35.15941102,129.1517408
912,해운대구,월드스타부동산중개,35.17190652,129.131433
913,해운대구,소망공인중개사사무소,35.16927545,129.1627036
914,해운대구,강남부동산공인중개사사무소,35.17750053,129.179003
915,해운대구,우리집공인중개사사무소,35.16539706,129.1797171
916,해운대구,해운대스타공인중개사사무소,35.16563726,129.1632884
917,해운대구,오렌지부동산중개사무소,35.16118861,129.1731255
918,해운대구,행복한래미안공인중개사사무소,35.16310767,129.175074
919,해운대구,태영공인중개사사무소,35.18593757,129.1221304
920,해운대구,해광부동산공인중개사사무소,35.17870621,129.1699412
921,해운대구,마브러스부동산중개사무소,35.16699574,129.1691695
922,해운대구,삼환공인중개사사무소,35.17071603,129.1391885
923,해운대구,센텀경동공인중개사사무소,35.18993734,129.1175189
924,해운대구,지오부동산공인중개사사무소,35.17019371,129.1391373
925,해운대구,센텀e편한공인중개사사무소,35.18940305,129.1177861
926,해운대구,가원공인중개사사무소,35.17097853,129.1776682
927,해운대구,비단공인중개사사무소,35.16453366,129.1580588
928,해운대구,두산위브공인중개사사무소,35.16909048,129.1799462
929,해운대구,해운대강남부동산중개,35.16106291,129.1712138
930,해운대구,해운대LCT강남공인중개사사무소,35.16281775,129.1621616
931,해운대구,동부센텀공인중개사사무소,35.18254869,129.124038
932,해운대구,꿈있는부동산공인중개사사무소,35.17562853,129.1768571
933,해운대구,황제공인중개사사무소,35.19751456,129.1304926
934,해운대구,으뜸자이공인중개사사무소,35.1683477,129.1427669
935,해운대구,금강부동산공인중개사사무소,35.16758412,129.157663
936,해운대구,365부동산공인중개사사무소,35.1767569,129.1235959
937,해운대구,미래공인중개사사무소,35.20114159,129.1320474
938,해운대구,믿음공인중개사사무소,35.18624446,129.1230569
939,해운대구,센텀센시빌공인중개사사무소,35.17453475,129.1308766
940,해운대구,청담동공인중개사사무소,35.1691585,129.176665
941,해운대구,뉴롯데공인중개사사무소,35.17666917,129.1773662
942,해운대구,현대부동산중개,35.16239466,129.1705195
943,해운대구,부동산써브센텀공인중개사사무소,35.1767569,129.1235959
944,해운대구,우주공인중개사사무소,35.16590565,129.1588027
945,해운대구,창업공인중개사사무소,35.16695088,129.1672808
946,해운대구,한일공인중개사사무소,35.1725819,129.1712804
947,해운대구,가이아공인중개사사무소,35.18788618,129.1258354
948,해운대구,해운대롯데공인중개사사무소,35.1653183,129.1627131
949,해운대구,대경공인중개사사무소,35.16799314,129.1778557
950,해운대구,프라임공인중개사사무소,35.17245658,129.1832333
951,해운대구,해운대 엘시티 BAB부동산중개,35.16111222,129.1707755
952,해운대구,수영만오뜨공인중개사사무소,35.15750897,129.1498591
953,해운대구,태영부동산공인중개사사무소,35.17097853,129.1776682
954,해운대구,유림노르웨이공인중개사사무소,35.16118308,129.1736962
955,해운대구,삼성부동산중개,35.16506494,129.1618753
956,해운대구,대지공인중개사사무소,35.15878741,129.1538064
957,해운대구,한일유앤아이공인중개사사무소,35.1725819,129.1712804
958,해운대구,자이49공인중개사사무소,35.1683477,129.1427669
959,해운대구,우리자이부동산중개,35.16490248,129.1429711
960,해운대구,키움부동산공인중개사사무소,35.17758855,129.1243099
961,해운대구,LCT이룸부동산중개사무소,35.16132822,129.1680126
962,해운대구,The자이공인중개사사무소,35.1683477,129.1427669
963,해운대구,센텀반석공인중개사사무소,35.22039432,129.1301951
964,해운대구,지원공인중개사사무소,35.18940305,129.1177861
965,해운대구,스마트부동산공인중개사사무소,35.15720524,129.144817
966,해운대구,센텀리슈빌공인중개사사무소,35.19154789,129.1158829
967,해운대구,LCT황소공인중개사사무소,35.16699574,129.1691695
968,해운대구,제이엘시티공인중개사사무소,35.16111222,129.1707755
969,해운대구,새강남공인중개사사무소,35.19065268,129.1288163
970,해운대구,골드공인중개사사무소,35.15503639,129.1454012
971,해운대구,롯데공인중개사사무소,35.16344335,129.1476157
972,해운대구,(뉴)합동공인중개사사무소,35.17638236,129.1678988
973,해운대구,해운대롯데캐슬공인중개사사무소,35.16563726,129.1632884
974,해운대구,해운대래미안부동산공인중개사사무소,35.16393101,129.1766115
975,해운대구,아너스빌공인중개사사무소,35.17735666,129.1668808
976,해운대구,DW대원부동산중개,35.16212385,129.1779905
977,해운대구,리안부동산공인중개사사무소,35.20387017,129.1216854
978,해운대구,진제공인중개사사무소,35.16649203,129.1606332
979,해운대구,맥비스타부동산중개,35.16571417,129.1618516
980,해운대구,LCT경동공인중개사사무소,35.16227726,129.1658748
981,해운대구,해운대신도시공인중개사사무소,35.17650215,129.1713587
982,해운대구,마린강남공인중개사사무소,35.1548224,129.143247
983,해운대구,뉴마린제이드공인중개사사무소,35.15894712,129.1531282
984,해운대구,경보이리스오션부동산중개,35.16342112,129.163158
985,해운대구,동국공인중개사사무소,35.19348557,129.1343239
986,해운대구,국토부동산아카데미부동산중개,35.16638037,129.1334309
987,해운대구,신광공인중개사사무소,35.19065268,129.1288163
988,해운대구,LCT마루공인중개사사무소,35.16227726,129.1658748
989,해운대구,센텀나라공인중개사사무소,35.19264772,129.1178196
990,해운대구,센텀브릿지공인중개사사무소,35.16714624,129.1334635
991,해운대구,늘기쁜공인중개사사무소,35.16320941,129.1617391
992,해운대구,롯데캐슬공인중개사사무소,35.16510186,129.164598
993,해운대구,센텀자리부동산공인중개사사무소,35.19511805,129.1197092
994,해운대구,센텀미진공인중개사사무소,35.16677128,129.138837
995,해운대구,오산공인중개사사무소,35.16274242,129.1746296
996,해운대구,대원공인중개사사무소,35.18363699,129.202093
997,해운대구,삼영부동산중개,35.157039,129.1433329
998,해운대구,오션프라임공인중개사사무소,35.16017917,129.1740439
999,해운대구,코모스상가부동산중개,35.17034403,129.1394468
1000,해운대구,대길부동산공인중개사사무소,35.16625234,129.1583686
1001,해운대구,애플공인중개사사무소,35.16817117,129.1762336
1002,해운대구,더파크공인중개사사무소,35.157039,129.1433329
1003,해운대구,센텀대림공인중개사사무소,35.2101724,129.1176207
1004,해운대구,잘사는부동산중개,35.16737263,129.1767819
1005,해운대구,힐스테이트위브탑공인중개사사무소,35.16252036,129.1798512
1006,해운대구,쌍용예가공인중개사사무소,35.17101135,129.1752207
1007,해운대구,일등공인중개사사무소,35.18798085,129.1214668
1008,해운대구,우리피오레공인중개사사무소,35.19319144,129.1155541
1009,해운대구,센텀재송공인중개사사무소,35.18794952,129.1238709
1010,해운대구,참좋은공인중개사사무소,35.16365365,129.163348
1011,해운대구,한신부동산공인중개사사무소,35.15941102,129.1517408
1012,해운대구,예일공인중개사사무소,35.16132822,129.1680126
1013,해운대구,LCT수공인중개사사무소,35.16132822,129.1680126
1014,해운대구,해운대2센텀부동산공인중개사사무소,35.21233032,129.126942
1015,해운대구,LCT해운대박사공인중개사사무소,35.16132822,129.1680126
1016,해운대구,현대베네시티공인중개사사무소,35.15816777,129.1507245
1017,해운대구,다올공인중개사사무소,35.19264772,129.1178196
1018,해운대구,엘시티카카오공인중개사사무소,35.16132822,129.1680126
1019,해운대구,센텀현대공인중개사사무소,35.16996075,129.1418564
1020,해운대구,Lct부자부동산중개,35.16132822,129.1680126
1021,해운대구,마린스타공인중개사사무소,35.16563726,129.1632884
1022,해운대구,그린시티공인중개사사무소,35.17149402,129.1793443
1023,해운대구,효원공인중개사사무소,35.16365365,129.163348
1024,해운대구,대우마리나공인중개사사무소,35.15977078,129.1489799
1025,해운대구,한감공인중개사사무소,35.15977078,129.1489799
1026,해운대구,대운가득공인중개사사무소,35.15826783,129.179647
1027,해운대구,더제니스부동산공인중개사사무소,35.15720524,129.144817
1028,사하구,SK한빛공인중개사사무소,35.11564048,128.9605168
1029,사하구,기린공인중개사사무소,35.11177928,128.9597803
1030,사하구,한빛공인중개사사무소,35.11564048,128.9605168
1031,사하구,한신더휴공인중개사사무소,35.10583979,128.9986833
1032,사하구,신박한공인중개사사무소,35.10518286,128.9674689
1033,사하구,힐스테이트공인중개사사무소,35.09822696,128.9816558
1034,사하구,다온공인중개사사무소,35.11040151,128.9843031
1035,사하구,뉴승학공인중개사사무소,35.11095738,128.9835639
1036,사하구,플러스공인중개사사무소,35.1040667,128.9994514
1037,사하구,사하힐스테이트공인중개사사무소,35.09822696,128.9816558
1038,사하구,세븐부동산공인중개사사무소,35.10648624,128.9600034
1039,사하구,해강부동산중개사무소,35.09859128,128.9845229
1040,사하구,더블루원공인중개사사무소,35.10689872,128.9614123
1041,사하구,모든부동산중개사무소,35.11057077,128.9609947
1042,사하구,뉴현대공인중개사사무소,35.09823792,128.9814147
1043,사하구,뉴국제공인중개사사무소,35.09476397,128.9918031
1044,사하구,리치공인중개사사무소,35.10178361,128.973209
1045,사하구,슬기로운공인중개사사무소,35.10523108,128.9670745
1046,사하구,맘모스공인중개사사무소,35.06147729,128.9793185
1047,사하구,대우공인중개사사무소,35.10469127,128.975931
1048,사하구,뉴강촌공인중개사사무소,35.10777275,128.9614555
1049,사하구,꿈에그린부동산중개사무소,35.10019645,128.9788826
1050,사하구,대평공인중개사사무소,35.10321858,128.9639795
1051,사하구,B.S부동산공인중개사사무소,35.09992696,128.9584895
1052,사하구,동원공인중개사사무소,35.09732349,128.9951573
1053,사하구,뉴원부동산중개사무소,35.10308246,128.9697364
1054,사하구,안심공인중개사사무소,35.10554796,128.9770052
1055,사하구,미소공인중개사사무소,35.09662709,128.9877347
1056,사하구,당근공인중개사사무소,35.107459,128.963503
1057,사하구,스타하나공인중개사사무소,35.09721422,128.9864805
1058,사하구,퀸즈하나공인중개사사무소,35.09525432,128.9623173
1059,사하구,롯데공인중개사사무소,35.10107589,128.9579656
1060,사하구,동원공인중개사사무소,35.10594287,128.9749806
1061,사하구,참공인중개사사무소,35.10137728,128.9910716
1062,사하구,남강공인중개사사무소,35.09800334,128.9825525
1063,사하구,이상경공인중개사사무소,35.10107589,128.9579656
1064,사하구,부강공인중개사사무소,35.10039297,128.9813309
1065,사하구,몰운대공인중개사사무소,35.05045926,128.9695735
1066,사하구,청구공인중개사사무소,35.11112251,128.9664202
1067,사하구,삼성부동산공인중개사사무소,35.10101267,128.995959
1068,사하구,극동공인중개사사무소,35.0723878,128.9777824
1069,사하구,예림공인중개사사무소,35.09778455,128.9839648
1070,사하구,명가공인중개사사무소,35.05538281,128.9648303
1071,사하구,스마트공인중개사사무소,35.08020566,128.9763406
1072,사하구,SK공인중개사사무소,35.11620061,128.9603588
1073,사하구,우리공인중개사사무소,35.10733806,128.9763465
1074,사하구,태천공인중개사사무소,35.09952702,128.9780629
1075,사하구,뱅크공인중개사사무소,35.10653634,128.9650388
1076,사하구,푸르지오공인중개사사무소,35.06122977,128.9731214
1077,사하구,스타공인중개사사무소,35.10602771,128.9988501
1078,사하구,장원공인중개사사무소,35.11269877,128.9609101
1079,사하구,다대푸르지오공인중개사사무소,35.06122977,128.9731214
1080,사하구,신남공인중개사사무소,35.10375982,128.9818758
1081,사하구,광장공인중개사사무소,35.11431319,128.9607974
1082,사하구,그린공인중개사사무소,35.09991854,128.9897816
1083,사하구,신동아공인중개사최영옥사무소,35.09399804,128.9740047
1084,사하구,천지공인중개사사무소,35.10964784,128.959163
1085,사하구,복공인중개사사무소,35.05753728,128.9715867
1086,사하구,신유림공인중개사사무소,35.09078073,128.9960757
1087,사하구,대림공인중개사사무소,35.10412586,128.9643741
1088,사하구,BS부산공인중개사사무소,35.10034559,128.9816155
1089,사하구,자유공인중개사사무소,35.08739366,128.9847829
1090,사하구,신화공인중개사사무소,35.10047435,128.9912581
1091,금정구,OK공인중개사사무소,35.24907694,129.087861
1092,금정구,태영공인중개사사무소,35.22681064,129.0830924
1093,금정구,구서공인중개사사무소,35.25268575,129.0864917
1094,금정구,서울공인중개사사무소,35.25584713,129.0867647
1095,금정구,롯데캐슬공인중개사사무소,35.25268575,129.0864917
1096,금정구,남해공인중개사사무소,35.21986244,129.0949397
1097,금정구,영지공인중개사사무소,35.23242136,129.0866495
1098,금정구,으뜸공인중개사사무소,35.24759838,129.088896
1099,금정구,쌍용공인중개사사무소,35.24673275,129.0879285
1100,금정구,신신공인중개사사무소,35.25327488,129.0901368
1101,금정구,태양공인중개사사무소,35.22682477,129.0825213
1102,금정구,명문공인중개사사무소,35.24661023,129.0875203
1103,금정구,행복공인중개사사무소,35.24337647,129.0912787
1104,금정구,다정공인중개사사무소,35.24320112,129.0857278
1105,금정구,푸르지오탑 공인중개사사무소(합동),35.22926081,129.0902875
1106,금정구,롯데부동산공인중개사사무소,35.25268575,129.0864917
1107,금정구,조은 공인중개사사무소,35.23911813,129.0887056
1108,금정구,삼보공인중개사사무소,35.26873317,129.0901683
1109,금정구,부성부동산중개,35.2305697,129.0870752
1110,금정구,굿모닝공인중개사사무소,35.27219225,129.0884122
1111,금정구,시대공인중개사사무소,35.25600403,129.0883602
1112,금정구,중앙공인중개사사무소,35.26730809,129.0892699
1113,금정구,대신공인중개사사무소,35.21443615,129.1068167
1114,금정구,성원부동산중개사무소,35.22973251,129.0869542
1115,금정구,푸르지오공인중개사사무소,35.22898281,129.0901299
1116,금정구,반도공인중개사사무소,35.29022215,129.1109159
1117,금정구,푸름공인중개사사무소,35.2122941,129.1044921
1118,금정구,삼일공인중개사사무소,35.28281556,129.093831
1119,금정구,으뜸공인중개사사무소,35.22801555,129.0874366
1120,금정구,금정공인중개사사무소,35.25268575,129.0864917
1121,금정구,부유공인중개사사무소,35.24826056,129.0904322
1122,금정구,금사미래공인중개사사무소,35.2174104,129.1098008
1123,금정구,119공인중개사사무소,35.25813783,129.0916306
1124,금정구,부경공인중개사사무소,35.30185593,129.1122076
1125,금정구,성심공인중개사사무소,35.22416645,129.0914605
1126,금정구,늘푸른공인중개사사무소,35.22249759,129.0955903
1127,금정구,뉴그린공인중개사사무소,35.21791536,129.095946
1128,금정구,신화공인중개사사무소,35.27161996,129.0918997
1129,금정구,장인수공인중개사사무소,35.25825806,129.0862914
1130,금정구,SK부동산중개사무소,35.24390716,129.0853966
1131,금정구,부곡대동다숲공인중개사사무소,35.21885944,129.0892255
1132,금정구,금샘공인중개사사무소,35.23814684,129.0904615
1133,금정구,SK조인공인중개사사무소,35.23955805,129.0918977
1134,금정구,우일부동산공인중개사사무소,35.21642613,129.1030983
1135,금정구,신일부동산중개사무소,35.22443419,129.1144771
1136,금정구,뉴타운공인중개사사무소,35.22202687,129.0898281
1137,금정구,래미안 킹 공인중개사사무소,35.22758916,129.0867388
1138,금정구,선부동산공인중개사사무소,35.27177295,129.0929239
1139,금정구,금정부동산공인중개사사무소(합동),35.21705882,129.1019206
1140,금정구,탑공인중개사사무소,35.23874029,129.0886236
1141,금정구,경보부동산공인중개사사무소,35.22185681,129.0886944
1142,금정구,한국부동산공인중개사사무소,35.21605562,129.1071462
1143,금정구,둥지공인중개사사무소,35.2365748,129.0858591
1144,금정구,장원공인중개사사무소,35.2428681,129.0896787
1145,금정구,도깨비공인중개사사무소,35.2334739,129.0908822
1146,금정구,황금공인중개사사무소,35.22972714,129.0935454
1147,금정구,대박하우스부동산공인중개사사무소,35.26062911,129.0902464
1148,금정구,미로공인중개사사무소,35.21628083,129.1022286
1149,금정구,대산공인중개사사무소,35.22501157,129.0907029
1150,금정구,투자공인중개사사무소,35.21700969,129.0984051
1151,금정구,레오공인중개사사무소,35.26379186,129.0903658
1152,금정구,삼정부동산중개사무소,35.22324512,129.0866698
1153,금정구,골드부동산중개사무소,35.21375606,129.1043032
1154,금정구,KTX공인중개사사무소,35.22289011,129.0900593
1155,금정구,신세계부동산중개사무소,35.24802097,129.0910114
1156,금정구,금정공인중개사사무소(합동),35.23027353,129.0819081
1157,금정구,경동부동산중개,35.27930943,129.0858144
1158,금정구,삼부부동산공인중개사사무소,35.21473996,129.1031633
1159,금정구,금정선경공인중개사사무소,35.25468056,129.0891887
1160,금정구,스카이공인중개사사무소,35.24365741,129.0861074
1161,금정구,미루부동산공인중개사사무소,35.21386462,129.1012953
1162,금정구,금성부동산공인중개사사무소,35.22933519,129.0890361
1163,금정구,롯데캐슬공인중개사사무소(합동),35.25268575,129.0864917
1164,금정구,전문부동산공인중개사사무소,35.22046555,129.1118196
1165,금정구,두리1공인중개사사무소,35.24084441,129.0891902
1166,금정구,두리2공인중개사사무소,35.24084441,129.0891902
1167,금정구,우리공인중개사사무소,35.27203805,129.08852
1168,금정구,금정공인중개사사무소,35.23027353,129.0819081
1169,금정구,부자부동산공인중개사사무소(합동),35.21619006,129.0993277
1170,금정구,더래미안파크공인중개사사무소,35.22758916,129.0867388
1171,금정구,신화공인중개사사무소,35.22368438,129.0869393
1172,금정구,일등공인중개사사무소,35.23306744,129.0899759
1173,금정구,대림공인중개사사무소,35.22345584,129.0852886
1174,금정구,채움공인중개사사무소,35.21571412,129.1011116
1175,금정구,척척공인중개사사무소,35.24175346,129.0863347
1176,금정구,쌍용복드림공인중개사사무소,35.26998841,129.0889102
1177,금정구,부광공인중개사사무소,35.21955023,129.0875871
1178,금정구,청우공인중개사사무소,35.22981283,129.0930412
1179,금정구,신화공인중개사사무소,35.24906338,129.0883662
1180,금정구,월드공인중개사사무소,35.22594074,129.0926157
1181,금정구,부곡자이공인중개사사무소,35.23010533,129.0905954
1182,금정구,주원공인중개사사무소,35.22758916,129.0867388
1183,금정구,명성부동산공인중개사사무소(합동),35.23800365,129.0853398
1184,금정구,지성공인중개사사무소,35.21440088,129.1027853
1185,금정구,서금사이편한공인중개사사무소,35.21997623,129.0893283
1186,금정구,금나무공인중개사사무소(합동),35.23911813,129.0887056
1187,금정구,조은공인중개사사무소(합동),35.24487839,129.0926503
1188,금정구,유림공인중개사사무소,35.21539732,129.1130684
1189,금정구,한빛공인중개사사무소,35.21425598,129.1028602
1190,금정구,제일부동산공인중개사사무소,35.21440088,129.1027853
1191,금정구,이편한공인중개사사무소,35.23791972,129.0876568
1192,금정구,좋은친구공인중개사사무소(합동),35.24045684,129.0841749
1193,금정구,홍성주공인중개사사무소(합동),35.22516216,129.0809613
1194,금정구,황금알공인중개사사무소,35.230862,129.0896498
1195,금정구,삼한골든뷰공인중개사사무소,35.230862,129.0896498
1196,금정구,삼한전속부동산중개,35.230862,129.0896498
1197,금정구,금영부동산공인중개사사무소,35.21678914,129.1028286
1198,금정구,복운부동산공인중개사사무소,35.26351215,129.0863946
1199,금정구,라임부동산중개사무소,35.23516146,129.0906631
1200,금정구,가인공인중개사사무소,35.22758916,129.0867388
1201,금정구,래미안탑부동산공인중개사사무소,35.23955805,129.0918977
1202,금정구,오정열부동산중개,35.23983855,129.084771
1203,금정구,The드림부동산공인중개사사무소,35.21698923,129.1026336
1204,금정구,소망부동산공인중개사사무소,35.22006553,129.0874183
1205,금정구,(주)리본부동산중개법인,35.24565411,129.0885953
1206,금정구,주식회사 성원부동산중개법인,35.2447882,129.0906604
1207,금정구,주식회사 한결부동산중개법인,35.26009973,129.0909756
1208,금정구,주식회사퍼시픽오션부동산중개법인,35.17646215,128.897821
1209,강서구,가락부동산중개사무소,35.15110981,128.8813098
1210,강서구,청녹부동산중개인,35.11359405,128.9246646
1211,강서구,강서부동산중개인,35.08625051,128.9108777
1212,강서구,중앙부동산중개사무소,35.21373568,128.9812561
1213,강서구,대성부동산중개인,35.11414155,128.8864289
1214,강서구,제일부동산중개인,35.10789696,128.9305675
1215,강서구,유승부동산중개인,35.09763437,128.9205466
1216,강서구,은하수부동산공인중개사사무소,35.19623002,128.901443
1217,강서구,삼거리공인중개사사무소,35.1039877,128.8402168
1218,강서구,다온공인중개사사무소,35.09415059,128.9067871
1219,강서구,온나라공인중개사사무소,35.10570459,128.9213944
1220,강서구,애플공인중개사사무소,35.15008899,128.8359061
1221,강서구,탑부동산공인중개사사무소,35.10752754,128.9211187
1222,강서구,명지현대공인중개사사무소,35.09661018,128.9165319
1223,강서구,마스터부동산공인중개사사무소,35.09666465,128.9129021
1224,강서구,K-부동산공인중개사사무소,35.0817247,128.9049606
1225,강서구,엘크루공인중개사사무소,35.09368338,128.9053781
1226,강서구,천사공인중개사사무소,35.21528544,128.9588681
1227,강서구,재경공인중개사사무소,35.09763437,128.9205466
1228,강서구,오름공인중개사사무소,35.05550747,128.8326264
1229,강서구,신공항공인중개사사무소,35.08594523,128.8777668
1230,강서구,써브공인중개사사무소,35.18885035,128.9214002
1231,강서구,한솔공인중개사사무소,35.11234284,128.9256158
1232,강서구,명지홈공인중개사사무소,35.21374629,128.935576
1233,강서구,중앙공인중개사사무소,35.09587706,128.915734
1234,강서구,청담공인중개사사무소,35.09284604,128.9088564
1235,강서구,명지대방부동산공인중개사사무소,35.09358046,128.9058815
1236,강서구,원부동산공인중개사사무소,35.09754964,128.9054867
1237,강서구,천하공인중개사사무소,35.10451862,128.9244303
1238,강서구,대경공인중개사사무소,35.09027186,128.8551226
1239,강서구,태성공인중개사사무소,35.09754964,128.9054867
1240,강서구,명지포스코더샵물레방아공인중개사사무소,35.09754964,128.9054867
1241,강서구,명지글로벌시티부동산공인중개사사무소,35.11260148,128.920068
1242,강서구,신철수공인중개사사무소,35.21718875,128.9778268
1243,강서구,스마일컨설팅공인중개사사무소,35.09754964,128.9054867
1244,강서구,명지포스코열매공인중개사사무소,35.14215969,128.9468151
1245,강서구,영재공인중개사사무소,35.12355662,128.8956373
1246,강서구,행복부동산공인중개사사무소,35.08638956,128.8811273
1247,강서구,지건공인중개사사무소,35.09284604,128.9088564
1248,강서구,부일공인중개사사무소,35.0840701,128.9083422
1249,강서구,블루오션공인중개사사무소,35.1507984,128.9463995
1250,강서구,삼정공인중개사사무소,35.09869961,128.908406
1251,강서구,도담1공인중개사사무소,35.08640978,128.8967876
1252,강서구,명지33공인중개사사무소,35.19800237,128.9257535
1253,강서구,덕분공인중개사사무소,35.13063614,128.9426547
1254,강서구,땅돌이공인중개사사무소,35.09869961,128.908406
1255,강서구,신부토공인중개사사무소,35.16309297,128.9579249
1256,강서구,신화부동산공인중개사사무소,35.08150177,128.8801755
1257,강서구,삼성공인중개사사무소,35.19431298,128.9618935
1258,강서구,삼성공인중개사사무소,35.0817247,128.9049606
1259,강서구,명지엘크루공인중개사사무소,35.15157115,128.9524557
1260,강서구,뉴해동공인중개사사무소,35.09876263,128.9084177
1261,강서구,플러스공인중개사사무소,35.18122667,128.9187449
1262,강서구,예스공인중개사사무소,35.09578955,128.9165775
1263,강서구,전망좋은공인중개사사무소,35.09666465,128.9129021
1264,강서구,우리집1공인중개사사무소,35.10693889,128.9262018
1265,강서구,천지공인중개사사무소,35.08634202,128.8998465
1266,강서구,퀸덤명가공인중개사사무소,35.1007135,128.9186618
1267,강서구,땡큐공인중개사사무소,35.08398608,128.9051172
1268,강서구,명지까치공인중개사사무소,35.09754964,128.9054867
1269,강서구,글로벌시티부동산공인중개사사무소,35.10424416,128.9190415
1270,강서구,명지정애공인중개사사무소,35.09869961,128.908406
1271,강서구,한아름공인중개사사무소,35.21420441,128.9878958
1272,강서구,금호공인중개사사무소,35.21562303,128.9696581
1273,강서구,신부경공인중개사사무소,35.10495725,128.9271885
1274,강서구,신세계공인중개사사무소,35.12468533,128.9393713
1275,강서구,강서합동공인중개사사무소,35.19861089,128.9263314
1276,강서구,뉴금동공인중개사사무소,35.09587706,128.915734
1277,강서구,선물공인중개사사무소,35.19359471,128.9030829
1278,강서구,가야부동산중개사무소,35.09466534,128.9066612
1279,강서구,부자공인중개사사무소,35.0840701,128.9083422
1280,강서구,가온공인중개사사무소,35.0799016,128.9040523
1281,강서구,명은공인중개사사무소,35.08394289,128.9000285
1282,강서구,예스공인중개사사무소,35.08634165,128.9083455
1283,강서구,선우부동산중개사무소,35.08404893,128.9039446
1284,강서구,정인공인중개사사무소,35.09368338,128.9053781
1285,강서구,포인트공인중개사사무소,35.08640978,128.8967876
1286,강서구,명지다드림공인중개사사무소,35.13585818,128.8935666
1287,강서구,진공인중개사사무소,35.09547608,128.9198752
1288,강서구,김앤정공인중개사사무소,35.09528253,128.9192479
1289,강서구,명문공인중개사사무소,35.16529895,128.9127805
1290,강서구,옥성미공인중개사사무소,35.08244227,128.8785188
1291,강서구,PNP박광원공인중개사사무소,35.14855254,128.8821711
1292,강서구,오케이공인중개사사무소,35.21495398,128.9732747
1293,강서구,동강공인중개사사무소,35.21371109,128.9470423
1294,강서구,평강공인중개사사무소,35.10039013,128.9208848
1295,강서구,명지이화공인중개사사무소,35.09407199,128.9076527
1296,강서구,국제골드공인중개사사무소,35.09293896,128.9108864
1297,강서구,더시티공인중개사사무소,35.09754964,128.9054867
1298,강서구,민주공인중개사사무소,35.0986001,128.9180129
1299,강서구,대원공인중개사사무소,35.08398608,128.9051172
1300,강서구,롯데캐슬공인중개사사무소,35.14907742,128.8806513
1301,강서구,청녹부동산중개사무소,35.0959644,128.9149124
1302,강서구,국제나경공인중개사사무소,35.09331194,128.9092345
1303,강서구,나경공인중개사사무소,35.21993161,128.9907883
1304,강서구,LBA금강공인중개사사무소,35.21287183,128.9471644
1305,강서구,부토공인중개사사무소,35.13677604,128.8589343
1306,강서구,다온공인중개사사무소,35.09640154,128.916705
1307,강서구,한솔공인중개사사무소,35.10039013,128.9208848
1308,강서구,OK오케이합동공인중개사사무소,35.10039013,128.9208848
1309,강서구,명가공인중개사사무소,35.1046354,128.9233019
1310,강서구,매트로공인중개사사무소,35.09614127,128.917744
1311,강서구,88공인중개사사무소,35.08392102,128.8969029
1312,강서구,토마토공인중개사사무소,35.21252633,128.9825486
1313,강서구,도원공인중개사사무소,35.08394289,128.9000285
1314,강서구,감동공인중개사사무소,35.08392102,128.8969029
1315,강서구,114공인중개사사무소,35.08377663,128.9029875
1316,강서구,강남공인중개사사무소,35.16713437,128.95525
1317,강서구,서부산공인중개사사무소,35.16729305,128.955702
1318,강서구,우성부동산중개,35.08392102,128.8969029
1319,강서구,사랑공인중개사합동사무소,35.0966824,128.9153262
1320,연제구,금성부동산중개사무소,35.18129631,129.0794462
1321,연제구,대호부동산중개사무소,35.18788146,129.1008892
1322,연제구,경주부동산중개사무소,35.17356172,129.0935712
1323,연제구,하나부동산중개인사무소,35.18718311,129.0692142
1324,연제구,현대부동산중개사무소,35.18564556,129.0809531
1325,연제구,대지부동산중개사무소,35.18560199,129.0838072
1326,연제구,경남부동산중개사무소,35.18887758,129.1043394
1327,연제구,한일부동산중개인 사무소,35.1733009,129.0954998
1328,연제구,우리부동산중개인사무소,35.18439115,129.0750515
1329,연제구,우리동네부동산중개사무소,35.18643579,129.0752212
1330,연제구,대성부동산중개인 사무소,35.1905589,129.0737823
1331,연제구,법과부동산중개사무소,35.19057262,129.0843674
1332,연제구,한성공인중개사사무소,35.19026062,129.0899961
1333,연제구,골든벨공인중개사사무소,35.18788826,129.0679607
1334,연제구,금강공인중개사사무소,35.19501515,129.0804844
1335,연제구,자연공인중개사사무소,35.18408872,129.1046149
1336,연제구,신용공인중개사사무소,35.18876002,129.1043817
1337,연제구,한솔공인중개사사무소,35.19156838,129.0748058
1338,연제구,조은인연부동산중개사무소,35.18297119,129.0766028
1339,연제구,거제현대공인중개사사무소,35.17162528,129.0924036
1340,연제구,동덕현대공인중개사사무소,35.18408872,129.1046149
1341,연제구,킹부동산공인중개사사무소,35.19182191,129.0746774
1342,연제구,조은부동산중개사무소,35.17204042,129.0883474
1343,연제구,행운공인중개사사무소,35.17239213,129.094324
1344,연제구,정공인중개사사무소,35.18135211,129.0762191
1345,연제구,지에스공인중개사사무소,35.17611147,129.0907071
1346,연제구,대현부동산중개사무소,35.18350905,129.0789595
1347,연제구,박성진공인중개사사무소,35.18397262,129.0805466
1348,연제구,대명합동공인중개사사무소,35.19237004,129.0829529
1349,연제구,뉴비전공인중개사사무소,35.18169026,129.1076565
1350,연제구,새봄공인중개사사무소,35.17851321,129.1110606
1351,연제구,복공인중개사사무소,35.17669198,129.0670566
1352,연제구,새천년공인중개사사무소,35.18326489,129.0719515
1353,연제구,예일공인중개사사무소,35.17799277,129.0829705
1354,연제구,연산롯데캐슬공인중개사사무소,35.17669431,129.0860382
1355,연제구,물만골부동산중개,35.17683778,129.0770488
1356,연제구,힐스테이트 공인중개사사무소,35.17528515,129.0843617
1357,연제구,행복한 공인중개사사무소,35.18839675,129.0685603
1358,연제구,금송공인중개사사무소,35.1906084,129.074299
1359,연제구,거벌공인중개사사무소,35.18419115,129.0823172
1360,연제구,동방공인중개사사무소,35.18790086,129.0897889
1361,연제구,내사랑자이공인중개사사무소,35.18261413,129.0802542
1362,연제구,금탑공인중개사사무소,35.18397262,129.0805466
1363,연제구,알파공인중개사사무소,35.19202239,129.0955318
1364,연제구,더샵보석공인중개사사무소,35.19237004,129.0829529
1365,연제구,월드메르디앙공인중개사사무소,35.17669198,129.0670566
1366,연제구,세종공인중개사사무소,35.18955066,129.0877576
1367,연제구,우정부동산공인중개사사무소,35.18955066,129.0877576
1368,연제구,The우정공인중개사사무소,35.17412796,129.0917565
1369,연제구,영진부동산공인중개사사무소,35.18833962,129.0840961
1370,연제구,뉴리더부동산중개사무소,35.17425369,129.0878061
1371,연제구,연산힐스테이트부동산공인중개사사무소,35.18408872,129.1046149
1372,연제구,우리집공인중개사사무소,35.18251338,129.0733469
1373,연제구,대박부동산공인중개사사무소,35.19061288,129.0879146
1374,연제구,연산미라주공인중개사사무소,35.19061288,129.0879146
1375,연제구,라인공인중개사사무소,35.19061288,129.0879146
1376,연제구,행운드림공인중개사사무소,35.18868341,129.0728353
1377,연제구,물만골공인중개사사무소,35.18978076,129.0680075
1378,연제구,시청SK뷰공인중개사사무소,35.19182191,129.0746774
1379,연제구,이상재공인중개사사무소,35.19124509,129.0695859
1380,연제구,롯데공인중개사사무소,35.18812021,129.1043621
1381,연제구,서울공인중개사사무소,35.1899641,129.0918917
1382,연제구,스마일공인중개사사무소,35.19336479,129.0755213
1383,연제구,자이탑부동산중개사무소,35.18580257,129.1074379
1384,연제구,리치공인중개사사무소,35.1858607,129.0800776
1385,연제구,착한부동산공인중개사사무소,35.17433832,129.084404
1386,연제구,금손공인중개사사무소,35.17227907,129.0958593
1387,연제구,부자공인중개사사무소,35.17417059,129.0809876
1388,연제구,롯데큰길공인중개사사무소,35.18788826,129.0679607
1389,연제구,레이카운티 강남공인중개사사무소,35.17970827,129.0776027
1390,연제구,동방공인중개사사무소,35.17433737,129.0875217
1391,연제구,힐스연산탑부동산공인중개사사무소,35.17433737,129.0875217
1392,연제구,힐스탑부동산공인중개사사무소,35.1851626,129.0805295
1393,연제구,TOP시너지부동산중개,35.17589684,129.0804726
1394,연제구,골드부동산공인중개사사무소,35.17433737,129.0875217
1395,연제구,힐스탑공인중개사사무소,35.18723442,129.082698
1396,연제구,C&Y부동산중개사무소,35.18043127,129.0784027
1397,연제구,골드사랑공인중개사사무소,35.18266576,129.0805293
1398,연제구,신사공인중개사사무소,35.1792633,129.0769601
1399,연제구,비스타미래공인중개사사무소,35.18398277,129.0824352
1400,연제구,미래공인중개사사무소,35.17821035,129.0828307
1401,연제구,비젼부동산공인중개사사무소,35.18313884,129.0790314
1402,연제구,온부동산중개,35.1839425,129.0758361
1403,연제구,행복드림공인중개사사무소,35.1826349,129.0779269
1404,연제구,참조은공인중개사사무소,35.17475413,129.0872858
1405,연제구,만수공인중개사사무소,35.17433832,129.084404
1406,연제구,연산더샵부동산중개사무소,35.18231482,129.0764185
1407,연제구,데이원공인중개사사무소,35.18290455,129.0870761
1408,연제구,연산서희부동산공인중개사사무소,35.18504906,129.0801217
1409,연제구,명인공인중개사사무소,35.18675029,129.0763453
1410,연제구,금강부동산공인중개사사무소,35.17960825,129.0695759
1411,연제구,장원부동산중개사무소,35.18477393,129.0826653
1412,연제구,태평양1부동산중개사무소,35.18125241,129.0863624
1413,연제구,나무부동산중개사무소,35.18119268,129.1068702
1414,연제구,명가부동산공인중개사사무소,35.1727327,129.0875443
1415,연제구,새로나부동산중개사무소,35.18906014,129.0720277
1416,연제구,신태양합동공인중개사사무소,35.1792633,129.0769601
1417,연제구,시청역동원부동산공인중개사사무소,35.17199907,129.0869307
1418,연제구,힐탑힐스테이트공인중개사사무소,35.18431236,129.0798485
1419,연제구,상가부동산중개사무소,35.19075922,129.1006316
1420,연제구,동국공인중개사사무소,35.18790086,129.0897889
1421,연제구,보배자이공인중개사사무소,35.17433832,129.084404
1422,연제구,금손부동산공인중개사사무소,35.19132698,129.074583
1423,연제구,김홍웅공인중개사사무소,35.18974518,129.0881775
1424,연제구,알파공인중개사사무소,35.18022133,129.0786964
1425,연제구,연제SK뷰공인중개사사무소,35.18658872,129.1062408
1426,연제구,쌍용더플레티넘공인중개사사무소,35.17810151,129.0829061
1427,연제구,봄봄부동산공인중개사사무소,35.18465702,129.1104746
1428,연제구,더센텀푸르지오공인중개사사무소,35.18397262,129.0805466
1429,연제구,인버스공인중개사사무소,35.18431236,129.0798485
1430,연제구,lee좋은부동산공인중개사사무소,35.18431236,129.0798485
1431,연제구,2000부동산중개,35.17204042,129.0883474
1432,연제구,힐스테이트연산공인중개사사무소,35.17480774,129.0883404
1433,연제구,강프로부동산중개,35.17196315,129.0879182
1434,연제구,힐공인중개사사무소,35.18431236,129.0798485
1435,수영구,더신세계공인중개사사무소,35.15809572,129.1190034
1436,수영구,다온부동산공인중개사사무소,35.16684889,129.1130642
1437,수영구,시각부동산공인중개사사무소,35.17426273,129.1184458
1438,수영구,다올부동산중개사무소,35.14375211,129.115372
1439,수영구,명품부동산공인중개사사무소,35.16138932,129.1186205
1440,수영구,마을부동산중개,35.16840956,129.1207366
1441,수영구,수영현대토마토부동산중개사무소,35.14324985,129.1101965
1442,수영구,리온부동산공인중개사사무소,35.16907284,129.1211409
1443,수영구,굿모닝공인중개사사무소,35.17002398,129.1098801
1444,수영구,나라부동산공인중개사사무소,35.14091434,129.1073445
1445,수영구,윈부동산중개,35.15517632,129.1179098
1446,수영구,센텀부동산중개,35.13843181,129.1077498
1447,수영구,송이부동산공인중개사사무소,35.15717538,129.1200774
1448,수영구,이음공인중개사사무소,35.1565971,129.1114317
1449,수영구,SK금나라공인중개사사무소,35.15505717,129.1122558
1450,수영구,다인공인중개사사무소,35.13810802,129.1086562
1451,수영구,해비치부동산공인중개사사무소,35.14641736,129.1098006
1452,수영구,이븐부동산공인중개사사무소,35.14020092,129.1074885
1453,수영구,명인공인중개사사무소,35.13993066,129.1064862
1454,수영구,엑슬루타워공인중개사사무소,35.15969355,129.1294196
1455,수영구,센텀열린공인중개사사무소,35.17096076,129.1030539
1456,수영구,그랜드부동산중개,35.16002767,129.1196556
1457,수영구,가나부동산중개사무소,35.1750914,129.1047784
1458,수영구,SK다원공인중개사사무소,35.16249456,129.1111717
1459,수영구,개미부동산중개,35.15771444,129.1280312
1460,수영구,더조은부동산중개사무소,35.15600843,129.1146724
1461,수영구,제일공인중개사사무소,35.163233,129.1092828
1462,수영구,짱공인중개사사무소,35.17079632,129.1023052
1463,수영구,새희망부동산공인중개사사무소,35.18089671,129.1165166
1464,수영구,뉴타운공인중개사사무소,35.14117228,129.110673
1465,수영구,삼호공인중개사사무소,35.17675324,129.1014525
1466,수영구,거림공인중개사사무소,35.16083681,129.1140249
1467,수영구,88공인중개사사무소,35.16982343,129.1111069
1468,수영구,대교부동산공인중개사사무소,35.16442352,129.112153
1469,수영구,수영스타부동산공인중개사사무소,35.17026115,129.1016832
1470,수영구,행복공인중개사사무소,35.15478539,129.1104412
1471,수영구,진광공인중개사사무소,35.15733241,129.1274333
1472,수영구,센텀프리모 부동산공인중개사사무소,35.14904108,129.1097265
1473,수영구,황실부동산공인중개사사무소,35.17529877,129.1008181
1474,수영구,수영SK공인중개사사무소,35.17176248,129.1090256
1475,수영구,금설공인중개사사무소,35.15716605,129.1122955
1476,수영구,카카오부동산중개사무소,35.15600843,129.1146724
1477,수영구,광안쌍용부동산중개,35.16728778,129.1221482
1478,수영구,비스타공인중개사사무소,35.17930832,129.1069215
1479,수영구,채움공인중개사사무소,35.17142448,129.106562
1480,수영구,뉴대림공인중개사사무소,35.15970894,129.1209793
1481,수영구,선경부동산공인중개사사무소,35.15687177,129.1099866
1482,수영구,우리강산부동산공인중개사사무소,35.15790959,129.1137764
1483,수영구,광안세종부동산공인중개사사무소,35.16878857,129.1138591
1484,수영구,KB부동산중개사무소,35.18089671,129.1165166
1485,수영구,대림공인중개사사무소,35.1628764,129.1196178
1486,수영구,광안리공인중개사사무소,35.14192583,129.1110673
1487,수영구,그랑자이부동산공인중개사사무소,35.16398478,129.1137935
1488,수영구,오복공인중개사사무소,35.17204648,129.1055715
1489,수영구,한마음공인중개사사무소,35.16513356,129.114336
1490,수영구,대박공인중개사사무소,35.16968632,129.1210834
1491,수영구,보성공인중개사사무소,35.15956843,129.1088379
1492,수영구,미소공인중개사사무소,35.1710231,129.1070835
1493,수영구,법무공인중개사사무소,35.15252726,129.1138895
1494,수영구,도쿄부동산중개사무소,35.14725303,129.1120507
1495,수영구,광남부동산중개사무소,35.15529259,129.129655
1496,수영구,e대박공인중개사사무소,35.17357583,129.1009595
1497,수영구,양지부동산중개사무소,35.14186596,129.1107153
1498,수영구,드림공인중개사사무소,35.17429444,129.1169642
1499,수영구,해뜨는공인중개사사무소,35.14050542,129.1086887
1500,수영구,남천공인중개사사무소,35.1630038,129.1087199
1501,수영구,비치그린부동산중개사무소,35.16181466,129.1155091
1502,수영구,LG공인중개사사무소,35.15828032,129.1136498
1503,수영구,협성Ⅱ공인중개사사무소,35.15654487,129.1210017
1504,수영구,예인공인중개사사무소,35.14879961,129.1105024
1505,수영구,화목공인중개사사무소,35.15464851,129.1145441
1506,수영구,호주공인중개사사무소,35.14115821,129.1063053
1507,수영구,부동산중개법인 주식회사 화창,35.18537903,128.986646
1508,사상구,육일부동산중개인 사무소,35.15123444,128.9975922
1509,사상구,부흥부동산중개사무소,35.18368771,128.9862413
1510,사상구,대지공인중개사 사무소,35.15365212,129.0114726
1511,사상구,반도부동산중개 사무소,35.15431025,128.9973444
1512,사상구,경동리인공인중개사사무소,35.13707152,128.9768335
1513,사상구,우진공인중개사 사무소,35.15753887,128.9839384
1514,사상구,케이대신공인중개사사무소,35.15099632,129.0121531
1515,사상구,교림공인중개사사무소,35.15616198,128.9814413
1516,사상구,더킹부동산공인중개사사무소,35.1683469,128.980578
1517,사상구,강변공인중개사사무소,35.15975775,128.9804309
1518,사상구,큰행운공인중개사사무소,35.12734507,128.9735134
1519,사상구,바른부동산중개,35.16560355,128.9820708
1520,사상구,시티부동산중개,35.18917479,128.9887452
1521,사상구,대상부동산공인중개사사무소,35.16125556,128.9857944
1522,사상구,창대부동산공인중개사사무소,35.12452232,128.96919
1523,사상구,친절공인중개사사무소,35.14959135,128.9735592
1524,사상구,스마트부동산공인중개사사무소,35.17458479,128.9838806
1525,사상구,금호공인중개사사무소,35.17590942,128.9861472
1526,사상구,엘리트부동산공인중개사사무소,35.16976511,128.9835371
1527,사상구,썬샤인공인중개사사무소,35.15975775,128.9804309
1528,사상구,비전공인중개사사무소,35.15365212,129.0114726
1529,사상구,한일부동산공인중개사사무소,35.14869192,129.0160754
1530,사상구,신믿음공인중개사사무소,35.12757818,128.9736698
1531,사상구,엄궁포스코공인중개사사무소,35.14098924,128.9850339
1532,사상구,삼정그린코아공인중개사사무소,35.1673148,128.9789081
1533,사상구,조은공인중개사사무소,35.16515771,128.9825814
1534,사상구,하늘부동산중개사무소,35.17226198,128.9857518
1535,사상구,중흥따봉공인중개사사무소,35.13038861,128.9727926
1536,사상구,이레공인중개사사무소,35.14509355,128.9879915
1537,사상구,(주)삼일로부동산중개,35.17888991,128.9854257
1538,사상구,(주)에이스종합부동산중개법인,35.16145528,128.9856212
1539,사상구,랜드고부동산중개법인서부산센터 주식회사,35.30412932,129.1119968
1540,기장군,미래부동산중개사무소,35.18960178,129.215851
1541,기장군,동부산탑부동산공인중개사사무소,35.23936342,129.2152427
1542,기장군,다온공인중개사사무소,35.27200136,129.157445
1543,기장군,철마조은공인중개사사무소,35.26865439,129.2271657
1544,기장군,펜션상회공인중개사사무소,35.29671944,129.2590115
1545,기장군,기장땅부동산공인중개사사무소,35.266279,129.2223051
1546,기장군,해바라기공인중개사사무소,35.27225801,129.2440913
1547,기장군,가화헬로부동산공인중개사사무소,35.2664074,129.2238676
1548,기장군,우리자이부동산공인중개사사무소,35.24307455,129.2181768
1549,기장군,신한부동산공인중개사사무소,35.32692347,129.1878583
1550,기장군,만나공인중개사사무소,35.29144802,129.1682431
1551,기장군,원탑공인중개사사무소,35.32182119,129.190665
1552,기장군,가화하나로공인중개사사무소,35.31403318,129.2434669
1553,기장군,신세계공인중개사사무소,35.31947503,129.1743653
1554,기장군,금빛공인중개사사무소,35.31947503,129.1743653
1555,기장군,이화부동산공인중개사사무소,35.32845465,129.1796977
1556,기장군,풀리페탑부동산공인중개사사무소,35.26618318,129.226425
1557,기장군,신일광부동산중개,35.24787009,129.2163587
1558,기장군,한신탑부동산공인중개사사무소,35.32243745,129.1728245
1559,기장군,한진공인중개사사무소,35.26865439,129.2271657
1560,기장군,왕부동산공인중개사사무소,35.20441037,129.2069459
1561,기장군,기장미소자이부동산공인중개사사무소,35.32904195,129.1795523
1562,기장군,정관풀리페부동산공인중개사사무소,35.32690038,129.1892878
1563,기장군,뉴가화타운공인중개사사무소,35.3248808,129.2038968
1564,기장군,자이가온부동산공인중개사사무소,35.33325147,129.1628065
1565,기장군,노른자부동산공인중개사사무소,35.26865439,129.2271657
1566,기장군,이강희공인중개사사무소,35.266279,129.2223051
1567,기장군,잘사는부동산공인중개사사무소,35.26757439,129.2296662
1568,기장군,동원퀸공인중개사사무소,35.32221972,129.1748229
1569,기장군,탑스타공인중개사사무소,35.24072384,129.215307
1570,기장군,까치부동산공인중개사사무소,35.26778904,129.2218332
1571,기장군,이지더원부동산공인중개사사무소,35.35276103,129.1358563
1572,기장군,THE제일공인중개사사무소,35.26778904,129.2218332
1573,기장군,삼성부동산공인중개사사무소,35.32847728,129.1653007
1574,기장군,기산공인중개사사무소,35.32372321,129.1768574
1575,기장군,MJ부동산공인중개사사무소,35.32614387,129.1772664
1576,기장군,신동아파밀리에공인중개사사무소,35.31983459,129.2646159
1577,기장군,임랑조은공인중개사사무소,35.23777542,129.2100115
1578,기장군,바른공인중개사사무소,35.31670679,129.2420453
1579,기장군,장안공인중개사사무소,35.27985921,129.2332706
1580,기장군,일번지부동산공인중개사사무소,35.30994831,129.2410071
1581,기장군,월드비전공인중개사사무소,35.32268457,129.1826052
1582,기장군,인젠공인중개사사무소,35.28667175,129.2561845
1583,기장군,용천공인중개사사무소,35.266279,129.2223051
1584,기장군,일광자이탑공인중개사사무소,35.31228524,129.2442758
1585,기장군,랜드닥터공인중개사사무소,35.26903516,129.2260614
1586,기장군,이편한힐스공인중개사사무소,35.26903516,129.2260614
1587,기장군,일광스타공인중개사사무소,35.33580536,129.164361
1588,기장군,정관로얄부동산공인중개사사무소,35.33953009,129.1632045
1589,기장군,이지비전부동산공인중개사사무소,35.2664074,129.2238676
1590,기장군,금샘자이공인중개사사무소,35.26032492,129.222809
1591,기장군,골드타워부동산공인중개사사무소,35.23715997,129.169979
1592,기장군,고촌LH부동산공인중개사사무소,35.24196925,129.2178416
1593,기장군,신용부동산공인중개사사무소,35.28368876,129.1559076
1594,기장군,태강부동산공인중개사사무소,35.23977164,129.2104916
1595,기장군,평화부동산공인중개사사무소,35.30248842,129.2529107
1596,기장군,예율공인중개사사무소,35.32073607,129.1790795
1597,기장군,천지공인중개사사무소,35.3134109,129.2452498
1598,기장군,금손공인중개사사무소,35.32551369,129.1891465
1599,기장군,채움공인중개사사무소,35.2636786,129.2325086
1600,기장군,일광오렌지부동산공인중개사사무소,35.26903516,129.2260614
1601,기장군,일광필부동산공인중개사사무소,35.18770806,129.2123422
1602,기장군,최&강부동산공인중개사사무소,35.34322548,129.252418
1603,기장군,기장동부산부동산중개사무소,35.2664074,129.2238676
1604,기장군,일광자이부동산공인중개사사무소,35.2664074,129.2238676
1605,기장군,일광다모아공인중개사사무소,35.32170101,129.1762561
1606,기장군,신정관면신도시부동산중개,35.31228524,129.2442758
1607,기장군,에이스부동산중개,35.2664074,129.2238676
1608,기장군,일광리치공인중개사사무소,35.20192401,129.2058988
1609,기장군,秀공인중개사사무소,35.20441576,129.2073084
1610,기장군,동부산그린코아공인중개사사무소,35.24591736,129.2169338
1611,기장군,미소자이부동산공인중개사사무소,35.30450045,129.1128046
1612,기장군,송정공인중개사사무소,35.27222709,129.1574042
1613,기장군,동화공인중개사사무소,35.27424162,129.1455842
1614,기장군,신대명공인중개사사무소,35.32634823,129.1886088
1615,기장군,서희스타힐스부동산공인중개사사무소,35.32216634,129.1775276
1616,기장군,정관일등부동산공인중개사사무소,35.32068924,129.1746358
1617,기장군,대동부동산공인중개사사무소,35.26865439,129.2271657
1618,기장군,복덩이부동산공인중개사사무소,35.31852598,129.1811039
1619,기장군,가람공인중개사사무소,35.32847728,129.1653007
1620,기장군,성실부동산공인중개사사무소,35.26428874,129.2327816
1621,기장군,기장해동공인중개사사무소,35.32847728,129.1653007
1622,기장군,한빛공인중개사사무소,35.29548582,129.2588934
1623,기장군,일광급매물부동산중개,35.33953009,129.1632045
1624,기장군,이지청담공인중개사사무소,35.31807133,129.1833518
1625,기장군,알뜰부동산공인중개사사무소,35.32715381,129.1735196
1626,기장군,협성양지부동산공인중개사사무소,35.27973715,129.2319827
1627,기장군,신태양부동산중개사무소,35.19040108,129.2143476
1628,기장군,해일공인중개사사무소,35.31845188,129.1785405
1629,기장군,이룸부동산공인중개사사무소,35.32715381,129.1735196
1630,기장군,협성부동산공인중개사사무소,35.24207738,129.2142615
1631,기장군,만다공인중개사사무소,35.31863033,129.1915859
1632,기장군,동원1차공인중개사사무소,35.26226139,129.2202775
1633,기장군,더한신공인중개사사무소,35.24288433,129.2137901
